date,product,region,quantity,price,revenue
2023-01-01,Delta,South,4,40.7,162.8
2023-01-01,Delta,East,1,86.14,86.14
2023-01-01,Delta,East,4,172.85,691.4
2023-01-01,Delta,East,3,128.0,384.0
2023-01-01,Gamma,South,4,145.79,583.16
2023-01-01,Delta,West,3,57.0,171.0
2023-01-02,Delta,West,5,180.99,904.95
2023-01-02,Alpha,South,3,16.43,49.29
2023-01-02,Gamma,North,3,16.76,50.28
2023-01-02,Beta,West,5,92.89,464.45
2023-01-02,Gamma,North,2,56.65,113.3
2023-01-02,Alpha,North,2,146.8,293.6
2023-01-03,Delta,West,0,66.89,0.0
2023-01-03,Gamma,West,3,61.65,184.95
2023-01-03,Alpha,North,5,54.4,272.0
2023-01-03,Gamma,South,5,65.49,327.45
2023-01-04,Alpha,East,1,116.72,116.72
2023-01-04,Alpha,South,0,40.09,0.0
2023-01-05,Gamma,North,3,120.43,361.29
2023-01-05,Delta,North,3,76.25,228.75
2023-01-05,Gamma,West,2,11.73,23.46
2023-01-05,Gamma,North,1,138.97,138.97
2023-01-05,Beta,East,0,50.66,0.0
2023-01-06,Beta,South,3,145.79,437.37
2023-01-07,Gamma,West,7,136.73,957.1099999999999
2023-01-07,Beta,West,4,183.17,732.68
2023-01-07,Alpha,East,0,135.47,0.0
2023-01-07,Delta,East,0,119.69,0.0
2023-01-07,Alpha,North,2,194.18,388.36
2023-01-07,Gamma,West,3,32.28,96.84
2023-01-08,Beta,South,1,118.65,118.65
2023-01-08,Beta,West,6,89.75,538.5
2023-01-08,Gamma,East,3,117.45,352.35
2023-01-08,Alpha,North,7,140.74,985.1800000000001
2023-01-08,Delta,East,2,70.46,140.92
2023-01-09,Beta,North,4,117.91,471.64
2023-01-09,Alpha,North,1,157.16,157.16
2023-01-09,Gamma,South,3,34.46,103.38
2023-01-10,Gamma,North,4,94.94,379.76
2023-01-10,Gamma,South,3,114.41,343.23
2023-01-10,Gamma,South,1,158.48,158.48
2023-01-10,Beta,West,6,189.78,1138.68
2023-01-10,Alpha,North,3,187.04,561.12
2023-01-10,Alpha,West,4,72.95,291.8
2023-01-11,Gamma,East,0,37.68,0.0
2023-01-11,Alpha,South,5,139.44,697.2
2023-01-11,Beta,North,1,185.39,185.39
2023-01-11,Alpha,South,3,15.66,46.980000000000004
2023-01-12,Gamma,South,0,49.59,0.0
2023-01-12,Beta,North,0,135.08,0.0
2023-01-12,Gamma,East,4,172.04,688.16
2023-01-12,Delta,North,5,40.33,201.64999999999998
2023-01-12,Delta,West,3,125.77,377.31
2023-01-12,Gamma,West,3,94.99,284.96999999999997
2023-01-12,Alpha,West,4,48.2,192.8
2023-01-12,Delta,West,2,133.03,266.06
2023-01-12,Gamma,West,1,127.1,127.1
2023-01-12,Delta,East,3,172.87,518.61
2023-01-13,Alpha,West,4,118.14,472.56
2023-01-13,Alpha,East,3,69.1,207.29999999999998
2023-01-13,Delta,South,2,40.27,80.54
2023-01-14,Delta,North,2,16.48,32.96
2023-01-14,Delta,South,3,17.35,52.050000000000004
2023-01-14,Delta,West,0,81.35,0.0
2023-01-14,Alpha,North,3,60.15,180.45
2023-01-15,Beta,South,3,131.68,395.04
2023-01-15,Gamma,West,0,148.06,0.0
2023-01-15,Beta,West,1,104.09,104.09
2023-01-15,Gamma,West,2,66.34,132.68
2023-01-15,Delta,West,3,72.18,216.54000000000002
2023-01-16,Alpha,West,4,191.33,765.32
2023-01-16,Delta,West,2,127.35,254.7
2023-01-16,Gamma,West,1,19.97,19.97
2023-01-17,Gamma,South,3,30.99,92.97
2023-01-17,Delta,South,4,132.13,528.52
2023-01-17,Alpha,North,2,36.9,73.8
2023-01-17,Delta,North,5,49.2,246.0
2023-01-17,Delta,North,2,58.74,117.48
2023-01-17,Gamma,East,0,173.53,0.0
2023-01-17,Delta,South,3,195.54,586.62
2023-01-17,Alpha,East,6,163.64,981.8399999999999
2023-01-18,Gamma,North,3,81.47,244.41
2023-01-18,Delta,East,4,103.43,413.72
2023-01-19,Delta,East,2,196.66,393.32
2023-01-19,Delta,South,4,81.85,327.4
2023-01-19,Delta,South,5,84.85,424.25
2023-01-19,Gamma,West,5,82.03,410.15
2023-01-19,Delta,West,3,189.62,568.86
2023-01-20,Gamma,North,2,13.38,26.76
2023-01-20,Delta,South,1,106.27,106.27
2023-01-20,Delta,East,1,77.55,77.55
2023-01-20,Beta,West,6,159.31,955.86
2023-01-20,Alpha,West,4,106.38,425.52
2023-01-20,Alpha,South,2,61.87,123.74
2023-01-21,Alpha,South,1,85.42,85.42
2023-01-21,Alpha,East,1,176.5,176.5
2023-01-21,Beta,North,7,170.43,1193.01
2023-01-21,Delta,South,0,91.53,0.0
2023-01-21,Alpha,East,2,63.29,126.58
2023-01-21,Gamma,North,2,28.94,57.88
2023-01-22,Beta,East,8,37.25,298.0
2023-01-22,Delta,North,1,197.43,197.43
2023-01-22,Beta,North,2,66.83,133.66
2023-01-22,Delta,North,2,169.89,339.78
2023-01-22,Beta,East,3,90.68,272.04
2023-01-23,Gamma,North,3,14.85,44.55
2023-01-23,Gamma,East,4,149.26,597.04
2023-01-23,Beta,West,3,79.74,239.21999999999997
2023-01-23,Beta,North,5,128.7,643.5
2023-01-23,Delta,East,2,106.29,212.58
2023-01-24,Delta,East,4,177.68,710.72
2023-01-25,Alpha,South,6,123.78,742.6800000000001
2023-01-25,Beta,East,1,142.06,142.06
2023-01-25,Beta,West,4,122.36,489.44
2023-01-25,Delta,East,3,45.96,137.88
2023-01-25,Beta,South,3,160.14,480.41999999999996
2023-01-26,Alpha,East,3,80.17,240.51
2023-01-26,Beta,West,4,17.43,69.72
2023-01-26,Beta,North,2,172.51,345.02
2023-01-27,Delta,North,4,181.83,727.32
2023-01-27,Delta,South,3,108.52,325.56
2023-01-27,Gamma,North,8,180.89,1447.12
2023-01-28,Alpha,South,1,68.17,68.17
2023-01-28,Delta,West,1,49.68,49.68
2023-01-28,Delta,East,7,169.97,1189.79
2023-01-28,Beta,North,4,157.31,629.24
2023-01-28,Delta,West,4,138.1,552.4
2023-01-29,Gamma,East,0,164.22,0.0
2023-01-29,Gamma,North,2,145.87,291.74
2023-01-29,Beta,East,2,134.79,269.58
2023-01-29,Delta,East,4,79.04,316.16
2023-01-29,Alpha,East,2,95.83,191.66
2023-01-29,Delta,East,7,81.42,569.94
2023-01-29,Delta,East,3,168.35,505.04999999999995
2023-01-30,Delta,East,4,167.89,671.56
2023-01-31,Gamma,South,1,78.74,78.74
2023-02-01,Gamma,South,3,99.85,299.54999999999995
2023-02-02,Gamma,East,4,76.04,304.16
2023-02-02,Gamma,West,4,147.91,591.64
2023-02-02,Alpha,South,2,97.04,194.08
2023-02-03,Delta,North,2,107.24,214.48
2023-02-03,Alpha,South,1,47.35,47.35
2023-02-03,Beta,West,3,167.02,501.06000000000006
2023-02-04,Delta,East,2,183.2,366.4
2023-02-04,Gamma,North,6,163.14,978.8399999999999
2023-02-04,Delta,North,3,85.89,257.67
2023-02-04,Delta,West,3,23.43,70.28999999999999
2023-02-05,Beta,South,5,70.89,354.45
2023-02-05,Alpha,North,4,36.92,147.68
2023-02-05,Alpha,West,2,49.58,99.16
2023-02-05,Alpha,West,4,171.54,686.16
2023-02-06,Beta,East,3,140.81,422.43
2023-02-06,Delta,North,1,105.49,105.49
2023-02-06,Alpha,North,5,67.07,335.34999999999997
2023-02-06,Delta,South,4,50.76,203.04
2023-02-06,Beta,South,4,121.6,486.4
2023-02-07,Gamma,East,3,195.37,586.11
2023-02-07,Gamma,North,1,154.53,154.53
2023-02-07,Delta,West,5,84.47,422.35
2023-02-08,Delta,South,6,174.91,1049.46
2023-02-08,Alpha,East,2,72.03,144.06
2023-02-08,Alpha,West,0,46.06,0.0
2023-02-08,Delta,North,4,160.04,640.16
2023-02-08,Alpha,North,3,162.31,486.93
2023-02-08,Alpha,North,5,16.15,80.75
2023-02-08,Gamma,West,3,117.09,351.27
2023-02-08,Delta,West,5,151.13,755.65
2023-02-08,Delta,East,4,124.64,498.56
2023-02-08,Delta,East,3,165.32,495.96
2023-02-08,Beta,South,2,82.05,164.1
2023-02-08,Beta,North,2,86.86,173.72
2023-02-09,Alpha,North,3,76.91,230.73
2023-02-09,Alpha,East,1,13.46,13.46
2023-02-09,Delta,West,4,43.05,172.2
2023-02-09,Gamma,North,1,162.41,162.41
2023-02-09,Gamma,North,1,28.81,28.81
2023-02-10,Delta,West,2,152.96,305.92
2023-02-10,Gamma,East,1,138.39,138.39
2023-02-10,Delta,North,5,116.35,581.75
2023-02-10,Delta,East,3,74.32,222.95999999999998
2023-02-11,Delta,North,5,85.09,425.45000000000005
2023-02-11,Alpha,West,7,119.26,834.82
2023-02-11,Delta,North,2,175.73,351.46
2023-02-11,Alpha,West,3,104.5,313.5
2023-02-11,Alpha,South,1,142.17,142.17
2023-02-12,Delta,South,3,28.2,84.6
2023-02-12,Alpha,North,1,13.26,13.26
2023-02-12,Alpha,East,6,128.92,773.52
2023-02-12,Alpha,East,3,108.52,325.56
2023-02-12,Alpha,South,1,98.47,98.47
2023-02-13,Alpha,East,2,29.54,59.08
2023-02-13,Delta,South,1,95.96,95.96
2023-02-15,Gamma,East,1,144.95,144.95
2023-02-15,Alpha,East,6,137.82,826.92
2023-02-15,Delta,West,7,188.2,1317.3999999999999
2023-02-15,Beta,North,4,170.97,683.88
2023-02-16,Gamma,South,5,64.18,320.90000000000003
2023-02-16,Gamma,South,0,40.56,0.0
2023-02-16,Alpha,West,3,70.48,211.44
2023-02-16,Alpha,North,3,140.14,420.41999999999996
2023-02-16,Delta,North,2,68.86,137.72
2023-02-16,Delta,East,5,26.65,133.25
2023-02-16,Delta,East,4,51.04,204.16
2023-02-16,Alpha,South,4,81.2,324.8
2023-02-17,Alpha,East,2,160.54,321.08
2023-02-17,Delta,South,5,105.71,528.55
2023-02-18,Gamma,West,2,137.48,274.96
2023-02-18,Alpha,North,3,152.5,457.5
2023-02-18,Delta,North,1,182.16,182.16
2023-02-19,Beta,South,8,176.12,1408.96
2023-02-19,Delta,West,5,133.85,669.25
2023-02-20,Gamma,South,5,174.38,871.9
2023-02-20,Gamma,East,2,107.67,215.34
2023-02-20,Beta,South,2,159.4,318.8
2023-02-20,Beta,East,2,67.47,134.94
2023-02-20,Gamma,North,3,110.62,331.86
2023-02-20,Gamma,East,3,184.16,552.48
2023-02-22,Gamma,South,4,37.13,148.52
2023-02-22,Delta,East,1,19.4,19.4
2023-02-22,Delta,North,2,91.94,183.88
2023-02-22,Alpha,South,1,60.21,60.21
2023-02-22,Gamma,West,4,127.18,508.72
2023-02-22,Beta,North,4,193.45,773.8
2023-02-23,Beta,North,2,25.22,50.44
2023-02-23,Delta,West,1,177.18,177.18
2023-02-23,Beta,West,1,55.56,55.56
2023-02-23,Gamma,West,5,141.14,705.6999999999999
2023-02-23,Delta,East,2,156.9,313.8
2023-02-24,Gamma,West,2,38.28,76.56
2023-02-24,Alpha,West,2,95.68,191.36
2023-02-24,Beta,East,4,182.06,728.24
2023-02-24,Beta,West,8,24.83,198.64
2023-02-24,Alpha,West,3,12.25,36.75
2023-02-25,Alpha,South,2,34.42,68.84
2023-02-25,Alpha,South,4,26.24,104.96
2023-02-25,Delta,South,1,114.05,114.05
2023-02-26,Beta,East,3,80.61,241.82999999999998
2023-02-27,Alpha,West,4,191.78,767.12
2023-02-27,Gamma,East,1,118.41,118.41
2023-02-27,Alpha,South,2,150.69,301.38
2023-02-27,Beta,East,3,33.33,99.99
2023-02-27,Delta,West,3,188.57,565.71
2023-02-28,Beta,South,4,188.69,754.76
2023-02-28,Alpha,West,2,133.95,267.9
2023-02-28,Beta,South,2,66.26,132.52
2023-02-28,Alpha,South,2,15.38,30.76
2023-03-01,Alpha,East,3,21.33,63.989999999999995
2023-03-01,Beta,South,5,54.02,270.1
2023-03-01,Alpha,East,2,23.73,47.46
2023-03-01,Alpha,East,3,144.88,434.64
2023-03-02,Alpha,West,2,142.15,284.3
2023-03-02,Beta,East,2,183.24,366.48
2023-03-02,Delta,West,6,198.43,1190.58
2023-03-03,Delta,West,3,194.92,584.76
2023-03-03,Gamma,West,3,177.7,533.0999999999999
2023-03-03,Alpha,South,3,117.35,352.04999999999995
2023-03-04,Beta,West,3,99.94,299.82
2023-03-04,Gamma,North,7,124.13,868.91
2023-03-04,Delta,West,4,86.18,344.72
2023-03-04,Delta,South,3,74.73,224.19
2023-03-04,Gamma,East,4,142.22,568.88
2023-03-05,Gamma,North,4,11.12,44.48
2023-03-06,Alpha,East,6,179.91,1079.46
2023-03-06,Alpha,North,2,161.95,323.9
2023-03-06,Alpha,North,4,96.25,385.0
2023-03-06,Gamma,East,1,106.93,106.93
2023-03-07,Delta,South,2,57.07,114.14
2023-03-07,Beta,North,4,18.43,73.72
2023-03-08,Alpha,East,2,113.22,226.44
2023-03-08,Gamma,South,2,157.69,315.38
2023-03-08,Delta,North,1,53.76,53.76
2023-03-10,Delta,West,0,140.32,0.0
2023-03-10,Alpha,South,2,104.37,208.74
2023-03-10,Gamma,South,5,132.82,664.0999999999999
2023-03-10,Beta,East,3,171.39,514.17
2023-03-10,Beta,West,3,71.75,215.25
2023-03-10,Gamma,South,3,11.07,33.21
2023-03-11,Delta,East,2,85.42,170.84
2023-03-11,Gamma,North,3,136.36,409.08000000000004
2023-03-11,Delta,West,1,10.71,10.71
2023-03-13,Alpha,West,3,68.15,204.45000000000002
2023-03-13,Alpha,South,2,32.34,64.68
2023-03-13,Alpha,East,5,83.74,418.7
2023-03-14,Beta,West,1,143.95,143.95
2023-03-14,Alpha,West,3,136.7,410.09999999999997
2023-03-14,Gamma,East,4,127.63,510.52
2023-03-14,Beta,West,2,139.52,279.04
2023-03-14,Alpha,West,3,16.54,49.62
2023-03-15,Gamma,South,4,41.41,165.64
2023-03-16,Delta,West,2,90.81,181.62
2023-03-16,Delta,North,2,131.88,263.76
2023-03-16,Beta,North,4,61.84,247.36
2023-03-16,Alpha,North,5,49.2,246.0
2023-03-16,Beta,North,2,64.33,128.66
2023-03-16,Alpha,East,2,158.76,317.52
2023-03-16,Beta,East,2,22.75,45.5
2023-03-17,Alpha,South,1,11.08,11.08
2023-03-17,Gamma,South,3,133.04,399.12
2023-03-17,Delta,North,6,109.69,658.14
2023-03-17,Gamma,West,4,17.77,71.08
2023-03-18,Gamma,East,4,60.92,243.68
2023-03-19,Delta,North,2,74.01,148.02
2023-03-19,Alpha,South,2,159.01,318.02
2023-03-19,Gamma,West,1,53.25,53.25
2023-03-19,Alpha,East,4,142.94,571.76
2023-03-19,Gamma,East,2,182.31,364.62
2023-03-19,Beta,North,8,112.15,897.2
2023-03-20,Beta,North,0,160.15,0.0
2023-03-20,Delta,North,7,95.4,667.8000000000001
2023-03-20,Delta,East,3,82.52,247.56
2023-03-21,Alpha,West,4,10.12,40.48
2023-03-21,Beta,West,4,108.35,433.4
2023-03-22,Delta,South,4,191.38,765.52
2023-03-22,Gamma,North,4,179.54,718.16
2023-03-22,Beta,South,3,75.6,226.79999999999998
2023-03-22,Beta,South,6,194.49,1166.94
2023-03-23,Beta,North,2,172.09,344.18
2023-03-23,Beta,North,3,171.07,513.21
2023-03-24,Alpha,East,2,120.54,241.08
2023-03-24,Beta,North,2,178.21,356.42
2023-03-25,Alpha,East,0,62.35,0.0
2023-03-25,Beta,West,2,188.39,376.78
2023-03-25,Alpha,East,5,25.39,126.95
2023-03-25,Delta,South,2,45.49,90.98
2023-03-25,Alpha,West,3,47.76,143.28
2023-03-25,Beta,West,3,118.32,354.96
2023-03-25,Gamma,North,5,89.54,447.70000000000005
2023-03-25,Beta,South,3,84.93,254.79000000000002
2023-03-26,Alpha,East,6,187.01,1122.06
2023-03-26,Alpha,West,4,123.02,492.08
2023-03-26,Alpha,North,4,108.08,432.32
2023-03-27,Alpha,North,3,185.02,555.0600000000001
2023-03-27,Alpha,North,0,164.95,0.0
2023-03-27,Beta,South,0,159.66,0.0
2023-03-27,Alpha,South,1,16.04,16.04
2023-03-27,Alpha,East,1,74.31,74.31
2023-03-27,Alpha,South,4,119.39,477.56
2023-03-28,Gamma,West,1,24.51,24.51
2023-03-28,Gamma,North,1,138.51,138.51
2023-03-28,Delta,West,4,160.13,640.52
2023-03-28,Gamma,South,0,189.89,0.0
2023-03-29,Beta,North,4,31.97,127.88
2023-03-29,Gamma,West,5,100.91,504.54999999999995
2023-03-29,Delta,North,3,82.98,248.94
2023-03-29,Delta,East,4,18.64,74.56
2023-03-30,Beta,South,3,34.53,103.59
2023-03-30,Gamma,East,2,62.43,124.86
2023-03-30,Delta,North,3,141.61,424.83000000000004
2023-03-30,Gamma,West,7,32.5,227.5
2023-03-31,Delta,West,2,198.31,396.62
2023-03-31,Gamma,East,3,97.48,292.44
2023-03-31,Beta,East,2,86.26,172.52
2023-03-31,Alpha,North,3,86.82,260.46
2023-03-31,Delta,South,4,98.9,395.6
2023-04-01,Delta,North,2,112.7,225.4
2023-04-02,Gamma,North,2,44.25,88.5
2023-04-02,Delta,North,0,87.12,0.0
2023-04-02,Alpha,South,6,91.74,550.4399999999999
2023-04-02,Beta,East,2,148.46,296.92
2023-04-02,Gamma,East,4,124.98,499.92
2023-04-02,Beta,North,2,85.74,171.48
2023-04-03,Alpha,East,3,169.25,507.75
2023-04-03,Alpha,North,0,31.79,0.0
2023-04-04,Delta,West,1,148.44,148.44
2023-04-05,Delta,South,3,69.09,207.27
2023-04-05,Beta,West,8,174.03,1392.24
2023-04-05,Gamma,North,1,74.14,74.14
2023-04-05,Delta,East,2,149.49,298.98
2023-04-05,Gamma,North,8,161.87,1294.96
2023-04-06,Alpha,West,6,23.02,138.12
2023-04-06,Gamma,East,3,39.23,117.69
2023-04-06,Gamma,West,2,27.37,54.74
2023-04-06,Alpha,South,3,86.83,260.49
2023-04-07,Delta,West,0,159.2,0.0
2023-04-07,Gamma,North,3,25.84,77.52
2023-04-08,Alpha,East,0,86.07,0.0
2023-04-08,Beta,North,1,74.92,74.92
2023-04-08,Gamma,East,3,16.44,49.32000000000001
2023-04-09,Gamma,North,4,45.5,182.0
2023-04-09,Delta,East,2,120.91,241.82
2023-04-09,Delta,East,0,96.1,0.0
2023-04-09,Gamma,East,2,194.2,388.4
2023-04-09,Beta,South,2,101.55,203.1
2023-04-09,Delta,East,2,34.43,68.86
2023-04-09,Beta,West,2,148.83,297.66
2023-04-09,Alpha,South,2,84.78,169.56
2023-04-09,Alpha,South,1,82.5,82.5
2023-04-09,Gamma,East,4,161.14,644.56
2023-04-09,Gamma,South,6,187.43,1124.58
2023-04-10,Delta,North,2,186.27,372.54
2023-04-10,Gamma,North,2,36.07,72.14
2023-04-10,Delta,North,4,178.96,715.84
2023-04-11,Gamma,South,5,145.18,725.9000000000001
2023-04-11,Beta,North,4,155.06,620.24
2023-04-11,Delta,South,3,173.99,521.97
2023-04-11,Alpha,East,5,176.0,880.0
2023-04-12,Alpha,West,3,49.42,148.26
2023-04-12,Gamma,West,3,118.25,354.75
2023-04-12,Alpha,South,2,148.39,296.78
2023-04-12,Delta,North,4,113.27,453.08
2023-04-12,Beta,South,7,66.1,462.69999999999993
2023-04-13,Delta,East,5,175.76,878.8
2023-04-13,Delta,South,2,61.8,123.6
2023-04-13,Delta,West,2,35.87,71.74
2023-04-13,Gamma,West,3,157.44,472.32
2023-04-14,Beta,North,1,162.62,162.62
2023-04-14,Gamma,South,2,164.72,329.44
2023-04-14,Beta,West,2,39.67,79.34
2023-04-14,Alpha,North,1,42.1,42.1
2023-04-14,Gamma,North,1,160.47,160.47
2023-04-15,Gamma,South,2,116.11,232.22
2023-04-15,Alpha,West,1,96.43,96.43
2023-04-16,Gamma,East,1,180.34,180.34
2023-04-16,Alpha,East,6,71.31,427.86
2023-04-16,Beta,South,5,30.24,151.2
2023-04-16,Gamma,West,1,137.27,137.27
2023-04-16,Gamma,South,3,140.83,422.49
2023-04-16,Delta,South,2,72.86,145.72
2023-04-17,Alpha,South,1,13.75,13.75
2023-04-17,Delta,West,5,69.07,345.34999999999997
2023-04-17,Alpha,South,5,89.39,446.95
2023-04-17,Alpha,South,5,100.95,504.75
2023-04-18,Delta,West,2,106.08,212.16
2023-04-18,Gamma,South,3,51.01,153.03
2023-04-18,Delta,West,4,94.31,377.24
2023-04-18,Beta,South,4,45.54,182.16
2023-04-18,Beta,West,3,33.75,101.25
2023-04-19,Gamma,North,1,102.53,102.53
2023-04-19,Beta,East,4,30.62,122.48
2023-04-19,Gamma,North,0,24.79,0.0
2023-04-19,Gamma,North,2,43.09,86.18
2023-04-20,Alpha,West,2,104.86,209.72
2023-04-21,Delta,South,4,197.41,789.64
2023-04-21,Gamma,North,3,150.25,450.75
2023-04-21,Alpha,North,2,48.14,96.28
2023-04-21,Alpha,North,2,66.29,132.58
2023-04-21,Alpha,North,2,197.42,394.84
2023-04-22,Delta,South,3,108.69,326.07
2023-04-22,Alpha,East,3,71.26,213.78000000000003
2023-04-23,Beta,North,6,185.6,1113.6
2023-04-23,Beta,North,1,93.7,93.7
2023-04-23,Beta,South,2,74.58,149.16
2023-04-23,Alpha,West,4,145.21,580.84
2023-04-23,Beta,West,2,90.59,181.18
2023-04-23,Beta,South,1,65.37,65.37
2023-04-23,Alpha,West,2,173.84,347.68
2023-04-23,Gamma,South,4,193.3,773.2
2023-04-23,Delta,North,2,75.25,150.5
2023-04-23,Alpha,East,4,138.8,555.2
2023-04-24,Alpha,South,3,19.9,59.699999999999996
2023-04-24,Gamma,West,1,69.32,69.32
2023-04-24,Delta,East,2,68.76,137.52
2023-04-24,Gamma,South,3,172.36,517.08
2023-04-25,Beta,North,3,117.46,352.38
2023-04-25,Delta,East,6,174.66,1047.96
2023-04-25,Gamma,West,2,179.86,359.72
2023-04-26,Delta,East,1,179.85,179.85
2023-04-26,Alpha,South,2,33.01,66.02
2023-04-26,Alpha,South,6,28.94,173.64000000000001
2023-04-27,Gamma,North,0,142.28,0.0
2023-04-27,Alpha,South,4,73.58,294.32
2023-04-27,Beta,South,2,138.98,277.96
2023-04-27,Delta,East,2,113.88,227.76
2023-04-27,Beta,South,4,160.75,643.0
2023-04-27,Alpha,North,4,136.48,545.92
2023-04-27,Beta,West,5,130.22,651.1
2023-04-27,Alpha,North,5,149.2,746.0
2023-04-28,Delta,West,0,19.89,0.0
2023-04-28,Delta,East,4,52.72,210.88
2023-04-28,Delta,South,3,171.48,514.4399999999999
2023-04-28,Delta,East,1,188.24,188.24
2023-04-28,Delta,South,2,42.03,84.06
2023-04-28,Gamma,South,5,106.4,532.0
2023-04-28,Alpha,South,7,151.48,1060.36
2023-04-29,Alpha,East,4,72.07,288.28
2023-04-29,Alpha,East,2,198.8,397.6
2023-04-29,Gamma,South,0,40.41,0.0
2023-04-29,Alpha,East,6,54.2,325.20000000000005
2023-04-29,Beta,North,4,147.99,591.96
2023-04-29,Alpha,West,4,167.44,669.76
2023-04-30,Alpha,South,3,35.83,107.49
2023-04-30,Beta,North,2,90.43,180.86
2023-04-30,Delta,North,3,49.06,147.18
2023-04-30,Beta,South,2,162.46,324.92
2023-04-30,Gamma,West,4,61.38,245.52
2023-04-30,Delta,South,2,118.6,237.2
2023-05-01,Beta,East,2,53.67,107.34
2023-05-01,Delta,South,1,181.12,181.12
2023-05-02,Beta,East,3,97.6,292.79999999999995
2023-05-02,Delta,East,3,170.53,511.59000000000003
2023-05-02,Gamma,South,6,91.97,551.8199999999999
2023-05-02,Gamma,West,4,14.2,56.8
2023-05-02,Gamma,North,4,171.45,685.8
2023-05-03,Delta,North,3,191.29,573.87
2023-05-04,Beta,North,3,99.8,299.4
2023-05-04,Delta,West,2,58.07,116.14
2023-05-04,Gamma,East,1,16.52,16.52
2023-05-04,Delta,North,4,90.67,362.68
2023-05-04,Delta,North,5,127.74,638.6999999999999
2023-05-04,Alpha,South,0,92.09,0.0
2023-05-05,Alpha,West,3,17.44,52.32000000000001
2023-05-06,Gamma,South,1,127.18,127.18
2023-05-06,Gamma,East,1,45.51,45.51
2023-05-06,Alpha,North,3,34.05,102.14999999999999
2023-05-06,Gamma,South,1,143.15,143.15
2023-05-07,Beta,North,1,77.05,77.05
2023-05-07,Beta,East,2,56.0,112.0
2023-05-07,Gamma,North,6,137.49,824.94
2023-05-08,Alpha,East,3,185.16,555.48
2023-05-08,Delta,South,4,173.77,695.08
2023-05-08,Beta,South,3,51.82,155.46
2023-05-08,Alpha,South,4,175.66,702.64
2023-05-08,Beta,West,4,105.3,421.2
2023-05-09,Delta,West,5,89.01,445.05
2023-05-09,Gamma,North,1,50.01,50.01
2023-05-09,Delta,South,1,155.86,155.86
2023-05-09,Delta,South,1,14.99,14.99
2023-05-10,Gamma,South,3,38.27,114.81
2023-05-10,Gamma,West,4,58.34,233.36
2023-05-10,Gamma,West,1,186.86,186.86
2023-05-10,Alpha,East,5,158.28,791.4
2023-05-10,Beta,East,1,126.33,126.33
2023-05-10,Beta,East,2,90.11,180.22
2023-05-10,Beta,East,4,86.43,345.72
2023-05-10,Beta,East,3,138.06,414.18
2023-05-10,Delta,North,2,31.45,62.9
2023-05-11,Delta,East,4,191.93,767.72
2023-05-11,Delta,West,3,198.07,594.21
2023-05-11,Gamma,East,0,121.93,0.0
2023-05-11,Alpha,North,7,118.84,831.88
2023-05-11,Alpha,West,1,15.95,15.95
2023-05-12,Alpha,West,5,116.38,581.9
2023-05-12,Alpha,North,3,17.33,51.989999999999995
2023-05-12,Delta,East,3,150.05,450.15000000000003
2023-05-12,Delta,West,2,38.05,76.1
2023-05-13,Beta,East,0,73.28,0.0
2023-05-13,Gamma,North,5,105.3,526.5
2023-05-13,Delta,South,3,94.67,284.01
2023-05-13,Alpha,East,4,34.99,139.96
2023-05-13,Alpha,East,1,160.73,160.73
2023-05-13,Gamma,East,6,155.35,932.0999999999999
2023-05-14,Gamma,North,3,181.52,544.5600000000001
2023-05-14,Beta,North,1,154.94,154.94
2023-05-14,Delta,South,4,60.37,241.48
2023-05-15,Gamma,East,2,62.58,125.16
2023-05-15,Delta,North,1,47.39,47.39
2023-05-16,Delta,West,3,88.19,264.57
2023-05-17,Alpha,South,4,184.27,737.08
2023-05-17,Gamma,East,4,52.33,209.32
2023-05-17,Delta,South,5,28.17,140.85000000000002
2023-05-17,Alpha,South,3,24.57,73.71000000000001
2023-05-17,Delta,West,4,165.91,663.64
2023-05-18,Delta,West,2,117.39,234.78
2023-05-18,Alpha,West,4,50.98,203.92
2023-05-18,Gamma,North,1,77.86,77.86
2023-05-19,Gamma,East,3,176.45,529.3499999999999
2023-05-19,Delta,West,4,57.99,231.96
2023-05-20,Beta,East,2,79.74,159.48
2023-05-20,Beta,South,4,106.0,424.0
2023-05-21,Gamma,East,2,192.44,384.88
2023-05-21,Delta,North,2,40.13,80.26
2023-05-21,Alpha,North,3,31.15,93.44999999999999
2023-05-21,Gamma,West,2,33.6,67.2
2023-05-21,Gamma,South,3,31.03,93.09
2023-05-22,Alpha,South,1,59.47,59.47
2023-05-23,Alpha,West,3,36.77,110.31
2023-05-23,Beta,East,0,175.26,0.0
2023-05-23,Delta,North,5,196.08,980.4000000000001
2023-05-23,Alpha,West,3,30.65,91.94999999999999
2023-05-23,Alpha,North,3,16.25,48.75
2023-05-23,Delta,North,5,10.69,53.449999999999996
2023-05-24,Delta,North,2,135.7,271.4
2023-05-24,Beta,North,5,199.21,996.0500000000001
2023-05-24,Beta,South,7,75.63,529.41
2023-05-24,Delta,East,6,57.88,347.28000000000003
2023-05-24,Gamma,South,3,191.46,574.38
2023-05-24,Delta,North,3,168.79,506.37
2023-05-25,Alpha,South,8,71.45,571.6
2023-05-25,Beta,West,1,152.89,152.89
2023-05-25,Alpha,North,4,83.27,333.08
2023-05-25,Alpha,South,2,64.15,128.3
2023-05-25,Alpha,South,1,189.44,189.44
2023-05-25,Beta,North,1,26.31,26.31
2023-05-25,Delta,East,0,185.04,0.0
2023-05-26,Delta,East,0,50.31,0.0
2023-05-26,Alpha,West,2,89.0,178.0
2023-05-26,Gamma,West,2,90.85,181.7
2023-05-26,Beta,West,4,90.24,360.96
2023-05-26,Beta,South,6,148.01,888.06
2023-05-26,Alpha,West,4,29.09,116.36
2023-05-27,Delta,North,4,53.02,212.08
2023-05-27,Delta,South,2,82.95,165.9
2023-05-27,Alpha,South,3,194.79,584.37
2023-05-27,Delta,East,2,75.46,150.92
2023-05-27,Gamma,North,4,117.32,469.28
2023-05-28,Delta,North,3,81.22,243.66
2023-05-28,Delta,South,4,160.31,641.24
2023-05-28,Beta,North,4,120.06,480.24
2023-05-28,Gamma,West,3,81.39,244.17000000000002
2023-05-29,Alpha,South,6,47.9,287.4
2023-05-29,Beta,North,4,131.54,526.16
2023-05-29,Beta,North,3,111.11,333.33
2023-05-29,Gamma,North,5,190.66,953.3
2023-05-29,Alpha,West,8,142.52,1140.16
2023-05-29,Delta,East,2,164.67,329.34
2023-05-29,Delta,East,1,115.72,115.72
2023-05-30,Beta,East,5,187.83,939.1500000000001
2023-05-31,Delta,North,5,171.7,858.5
2023-05-31,Delta,East,7,92.02,644.14
2023-05-31,Beta,North,4,88.03,352.12
2023-05-31,Delta,South,7,130.01,910.0699999999999
2023-06-01,Alpha,North,1,149.98,149.98
2023-06-01,Alpha,East,1,98.21,98.21
2023-06-01,Beta,North,3,189.06,567.1800000000001
2023-06-01,Gamma,North,2,187.63,375.26
2023-06-02,Alpha,North,3,37.86,113.58
2023-06-02,Gamma,West,4,36.66,146.64
2023-06-02,Gamma,East,1,86.58,86.58
2023-06-02,Alpha,West,4,24.95,99.8
2023-06-03,Gamma,East,0,136.84,0.0
2023-06-03,Delta,North,5,24.83,124.14999999999999
2023-06-03,Delta,West,3,181.28,543.84
2023-06-03,Beta,East,2,58.06,116.12
2023-06-03,Gamma,South,3,75.92,227.76
2023-06-03,Delta,East,6,143.23,859.3799999999999
2023-06-04,Gamma,North,4,174.38,697.52
2023-06-04,Delta,East,3,138.8,416.40000000000003
2023-06-05,Gamma,South,3,189.47,568.41
2023-06-05,Alpha,West,1,133.9,133.9
2023-06-05,Alpha,South,3,111.51,334.53000000000003
2023-06-05,Beta,South,3,103.34,310.02
2023-06-06,Delta,South,2,116.33,232.66
2023-06-06,Gamma,North,3,20.71,62.13
2023-06-06,Alpha,East,2,51.43,102.86
2023-06-06,Beta,South,2,163.25,326.5
2023-06-06,Gamma,South,2,73.85,147.7
2023-06-07,Delta,East,2,171.88,343.76
2023-06-07,Delta,South,1,116.36,116.36
2023-06-07,Gamma,West,5,67.52,337.59999999999997
2023-06-08,Gamma,North,2,141.4,282.8
2023-06-08,Gamma,South,2,149.53,299.06
2023-06-08,Alpha,North,3,90.0,270.0
2023-06-08,Alpha,North,4,138.82,555.28
2023-06-08,Delta,North,4,184.91,739.64
2023-06-08,Gamma,West,3,132.92,398.76
2023-06-09,Delta,North,3,101.94,305.82
2023-06-09,Alpha,West,3,18.49,55.47
2023-06-09,Beta,South,7,196.04,1372.28
2023-06-09,Gamma,East,6,95.91,575.46
2023-06-09,Beta,North,2,64.91,129.82
2023-06-09,Alpha,East,4,33.82,135.28
2023-06-09,Beta,North,1,195.76,195.76
2023-06-10,Delta,East,4,162.59,650.36
2023-06-10,Alpha,East,3,165.71,497.13
2023-06-10,Gamma,North,3,14.57,43.71
2023-06-10,Alpha,South,6,181.54,1089.24
2023-06-10,Alpha,North,3,47.8,143.39999999999998
2023-06-10,Delta,East,5,60.31,301.55
2023-06-10,Gamma,South,4,109.01,436.04
2023-06-10,Alpha,South,3,139.05,417.15000000000003
2023-06-10,Delta,East,3,73.78,221.34
2023-06-11,Beta,East,3,77.71,233.13
2023-06-11,Beta,North,6,108.1,648.5999999999999
2023-06-11,Alpha,South,6,109.91,659.46
2023-06-11,Gamma,North,3,124.09,372.27
2023-06-12,Gamma,North,2,83.02,166.04
2023-06-12,Gamma,East,5,56.84,284.20000000000005
2023-06-12,Alpha,West,3,120.54,361.62
2023-06-12,Beta,North,8,191.35,1530.8
2023-06-13,Gamma,South,2,29.42,58.84
2023-06-13,Alpha,West,3,77.51,232.53000000000003
2023-06-14,Beta,South,1,175.9,175.9
2023-06-14,Delta,East,6,13.0,78.0
2023-06-14,Beta,South,3,152.81,458.43
2023-06-14,Alpha,North,3,74.42,223.26
2023-06-15,Beta,North,9,124.61,1121.49
2023-06-15,Gamma,North,5,196.31,981.55
2023-06-15,Alpha,East,2,69.96,139.92
2023-06-16,Beta,South,1,67.73,67.73
2023-06-16,Delta,North,3,193.88,581.64
2023-06-16,Delta,North,3,188.71,566.13
2023-06-16,Beta,West,6,70.37,422.22
2023-06-16,Gamma,South,4,20.0,80.0
2023-06-17,Delta,West,2,12.8,25.6
2023-06-17,Delta,West,6,101.06,606.36
2023-06-17,Gamma,East,5,120.58,602.9
2023-06-17,Delta,West,2,101.93,203.86
2023-06-17,Gamma,South,2,137.2,274.4
2023-06-18,Beta,West,0,19.86,0.0
2023-06-19,Gamma,North,10,16.87,168.70000000000002
2023-06-19,Delta,West,2,140.12,280.24
2023-06-19,Delta,North,5,166.48,832.4
2023-06-19,Beta,West,6,152.13,912.78
2023-06-20,Alpha,North,2,50.36,100.72
2023-06-20,Gamma,East,3,101.63,304.89
2023-06-21,Gamma,North,3,61.88,185.64000000000001
2023-06-21,Delta,East,3,40.71,122.13
2023-06-21,Beta,North,0,64.26,0.0
2023-06-21,Gamma,East,1,173.84,173.84
2023-06-21,Beta,East,3,20.13,60.39
2023-06-21,Beta,West,2,32.91,65.82
2023-06-22,Alpha,West,4,173.5,694.0
2023-06-22,Gamma,North,3,70.63,211.89
2023-06-22,Delta,North,1,180.81,180.81
2023-06-22,Gamma,West,5,94.04,470.20000000000005
2023-06-22,Gamma,South,2,23.21,46.42
2023-06-22,Gamma,West,2,140.24,280.48
2023-06-23,Beta,East,2,128.73,257.46
2023-06-24,Gamma,North,3,88.68,266.04
2023-06-24,Gamma,East,2,142.96,285.92
2023-06-25,Alpha,West,2,34.32,68.64
2023-06-25,Beta,North,2,73.86,147.72
2023-06-26,Gamma,North,3,138.77,416.31000000000006
2023-06-26,Gamma,North,0,174.3,0.0
2023-06-26,Gamma,West,2,195.62,391.24
2023-06-27,Delta,West,5,160.33,801.6500000000001
2023-06-27,Beta,West,5,156.38,781.9
2023-06-27,Gamma,South,1,90.55,90.55
2023-06-28,Beta,South,0,84.02,0.0
2023-06-28,Beta,West,6,125.88,755.28
2023-06-29,Delta,West,0,91.72,0.0
2023-06-29,Gamma,West,3,198.13,594.39
2023-06-29,Alpha,South,1,49.87,49.87
2023-06-30,Beta,South,4,173.74,694.96
2023-07-01,Gamma,North,1,131.15,131.15
2023-07-01,Alpha,West,1,68.77,68.77
2023-07-01,Alpha,North,4,117.47,469.88
2023-07-01,Delta,North,3,141.36,424.08000000000004
2023-07-02,Alpha,North,3,29.71,89.13
2023-07-02,Beta,South,1,60.55,60.55
2023-07-02,Alpha,North,6,118.69,712.14
2023-07-02,Delta,North,2,151.73,303.46
2023-07-02,Beta,South,1,179.05,179.05
2023-07-02,Gamma,South,3,107.03,321.09000000000003
2023-07-02,Delta,South,7,88.88,622.16
2023-07-03,Delta,South,5,193.96,969.8000000000001
2023-07-03,Gamma,West,1,188.23,188.23
2023-07-03,Alpha,South,3,86.7,260.1
2023-07-04,Delta,West,1,79.54,79.54
2023-07-05,Gamma,East,3,40.46,121.38
2023-07-05,Gamma,West,5,33.96,169.8
2023-07-05,Gamma,South,4,38.14,152.56
2023-07-06,Alpha,West,4,49.46,197.84
2023-07-06,Gamma,West,6,169.09,1014.54
2023-07-06,Delta,West,3,184.44,553.3199999999999
2023-07-07,Gamma,North,2,19.17,38.34
2023-07-07,Alpha,South,2,39.51,79.02
2023-07-07,Beta,West,4,183.96,735.84
2023-07-07,Alpha,South,8,19.11,152.88
2023-07-08,Beta,East,2,41.85,83.7
2023-07-09,Alpha,North,0,33.8,0.0
2023-07-09,Delta,West,3,136.08,408.24
2023-07-09,Alpha,West,3,56.72,170.16
2023-07-09,Beta,South,2,172.1,344.2
2023-07-09,Gamma,West,4,43.86,175.44
2023-07-09,Alpha,West,4,154.83,619.32
2023-07-09,Delta,East,4,67.24,268.96
2023-07-10,Beta,North,2,157.49,314.98
2023-07-10,Alpha,South,5,141.2,706.0
2023-07-10,Gamma,East,3,37.89,113.67
2023-07-11,Beta,West,1,60.17,60.17
2023-07-11,Gamma,West,4,21.21,84.84
2023-07-11,Gamma,East,3,62.28,186.84
2023-07-11,Delta,South,2,94.32,188.64
2023-07-11,Beta,South,2,57.54,115.08
2023-07-11,Delta,East,2,29.68,59.36
2023-07-12,Delta,East,0,49.06,0.0
2023-07-13,Beta,South,2,59.35,118.7
2023-07-13,Alpha,West,4,126.66,506.64
2023-07-13,Beta,North,2,26.2,52.4
2023-07-13,Gamma,East,2,106.45,212.9
2023-07-14,Gamma,South,0,29.83,0.0
2023-07-14,Beta,West,2,177.7,355.4
2023-07-14,Beta,East,1,89.36,89.36
2023-07-14,Alpha,North,3,109.82,329.46
2023-07-15,Beta,West,0,13.94,0.0
2023-07-15,Alpha,East,3,111.36,334.08
2023-07-15,Gamma,North,4,25.75,103.0
2023-07-15,Gamma,South,1,193.56,193.56
2023-07-15,Delta,North,4,133.61,534.44
2023-07-17,Delta,South,2,180.16,360.32
2023-07-17,Beta,North,2,100.5,201.0
2023-07-17,Gamma,West,2,49.99,99.98
2023-07-17,Alpha,North,2,44.07,88.14
2023-07-18,Beta,South,5,26.24,131.2
2023-07-19,Alpha,North,3,79.19,237.57
2023-07-19,Gamma,East,5,31.58,157.89999999999998
2023-07-19,Beta,North,1,37.71,37.71
2023-07-20,Gamma,South,2,110.74,221.48
2023-07-20,Beta,North,4,132.09,528.36
2023-07-20,Gamma,North,2,153.06,306.12
2023-07-20,Alpha,West,2,148.68,297.36
2023-07-20,Alpha,West,5,25.24,126.19999999999999
2023-07-21,Delta,East,4,180.13,720.52
2023-07-21,Alpha,East,1,198.32,198.32
2023-07-21,Delta,East,0,160.4,0.0
2023-07-21,Alpha,North,3,75.15,225.45000000000002
2023-07-22,Alpha,South,4,21.21,84.84
2023-07-22,Beta,West,5,133.84,669.2
2023-07-22,Beta,West,1,93.15,93.15
2023-07-23,Delta,North,4,87.15,348.6
2023-07-23,Alpha,East,2,197.29,394.58
2023-07-24,Gamma,West,2,136.44,272.88
2023-07-25,Delta,South,2,102.41,204.82
2023-07-25,Beta,East,2,110.68,221.36
2023-07-25,Delta,East,3,96.27,288.81
2023-07-25,Beta,South,1,112.78,112.78
2023-07-26,Alpha,West,3,69.5,208.5
2023-07-26,Beta,East,2,78.48,156.96
2023-07-26,Alpha,South,2,180.84,361.68
2023-07-27,Beta,West,4,39.69,158.76
2023-07-27,Delta,West,2,105.16,210.32
2023-07-27,Beta,North,3,78.2,234.60000000000002
2023-07-27,Gamma,East,3,171.54,514.62
2023-07-28,Alpha,South,4,134.18,536.72
2023-07-28,Gamma,West,4,182.38,729.52
2023-07-28,Alpha,West,2,161.0,322.0
2023-07-29,Delta,East,3,113.41,340.23
2023-07-29,Gamma,East,2,32.93,65.86
2023-07-29,Gamma,East,3,164.25,492.75
2023-07-30,Alpha,South,0,159.34,0.0
2023-07-30,Alpha,West,2,47.64,95.28
2023-07-30,Delta,West,3,110.92,332.76
2023-07-31,Delta,West,1,110.76,110.76
2023-08-01,Delta,South,2,173.17,346.34
2023-08-01,Beta,West,3,11.41,34.230000000000004
2023-08-01,Alpha,East,2,69.18,138.36
2023-08-01,Delta,West,1,50.56,50.56
2023-08-02,Beta,South,5,61.67,308.35
2023-08-02,Beta,West,4,34.86,139.44
2023-08-03,Delta,West,3,26.71,80.13
2023-08-03,Gamma,West,1,171.4,171.4
2023-08-03,Delta,North,5,122.63,613.15
2023-08-04,Delta,North,3,29.11,87.33
2023-08-04,Delta,West,3,18.66,55.980000000000004
2023-08-04,Beta,South,4,14.17,56.68
2023-08-04,Gamma,West,5,52.04,260.2
2023-08-04,Delta,West,4,23.66,94.64
2023-08-04,Gamma,South,0,121.98,0.0
2023-08-04,Delta,North,3,175.77,527.3100000000001
2023-08-05,Alpha,East,4,82.55,330.2
2023-08-05,Alpha,South,4,169.08,676.32
2023-08-05,Beta,South,3,91.86,275.58
2023-08-05,Delta,East,2,182.89,365.78
2023-08-05,Alpha,North,8,134.59,1076.72
2023-08-05,Delta,South,6,167.6,1005.5999999999999
2023-08-05,Delta,East,2,141.63,283.26
2023-08-06,Alpha,East,4,143.79,575.16
2023-08-06,Alpha,North,4,39.26,157.04
2023-08-06,Gamma,North,6,54.05,324.29999999999995
2023-08-06,Delta,South,2,13.69,27.38
2023-08-06,Delta,West,2,50.64,101.28
2023-08-06,Delta,South,2,107.1,214.2
2023-08-08,Gamma,East,0,32.88,0.0
2023-08-08,Alpha,West,0,19.46,0.0
2023-08-08,Delta,South,2,48.74,97.48
2023-08-08,Alpha,North,3,66.43,199.29000000000002
2023-08-08,Beta,North,2,193.43,386.86
2023-08-08,Alpha,West,2,195.02,390.04
2023-08-08,Beta,South,2,189.54,379.08
2023-08-09,Alpha,North,2,199.0,398.0
2023-08-09,Gamma,South,2,108.99,217.98
2023-08-09,Beta,West,5,71.16,355.79999999999995
2023-08-10,Beta,East,3,199.81,599.4300000000001
2023-08-10,Delta,North,2,69.28,138.56
2023-08-10,Gamma,West,1,165.13,165.13
2023-08-11,Alpha,West,1,46.98,46.98
2023-08-11,Alpha,East,3,64.02,192.06
2023-08-11,Alpha,South,8,97.64,781.12
2023-08-11,Delta,West,4,196.56,786.24
2023-08-11,Delta,South,3,115.2,345.6
2023-08-11,Beta,East,2,32.45,64.9
2023-08-11,Alpha,East,1,89.91,89.91
2023-08-11,Delta,West,6,91.25,547.5
2023-08-12,Gamma,West,2,183.61,367.22
2023-08-12,Alpha,North,1,60.01,60.01
2023-08-12,Alpha,North,4,80.72,322.88
2023-08-12,Beta,West,0,48.37,0.0
2023-08-12,Gamma,South,5,166.6,833.0
2023-08-13,Alpha,East,4,100.58,402.32
2023-08-13,Gamma,East,4,75.86,303.44
2023-08-13,Beta,East,4,170.54,682.16
2023-08-13,Beta,West,4,76.54,306.16
2023-08-13,Alpha,East,2,130.21,260.42
2023-08-13,Alpha,West,4,18.68,74.72
2023-08-14,Gamma,South,2,62.13,124.26
2023-08-14,Alpha,North,5,42.55,212.75
2023-08-14,Delta,North,7,72.56,507.92
2023-08-14,Beta,North,4,174.31,697.24
2023-08-14,Alpha,West,3,41.5,124.5
2023-08-14,Alpha,West,2,124.73,249.46
2023-08-14,Delta,East,7,16.96,118.72
2023-08-15,Alpha,East,4,51.64,206.56
2023-08-15,Delta,North,2,93.62,187.24
2023-08-15,Delta,West,5,71.57,357.84999999999997
2023-08-15,Delta,East,4,21.12,84.48
2023-08-15,Delta,North,3,57.22,171.66
2023-08-15,Alpha,West,6,21.97,131.82
2023-08-16,Alpha,East,0,32.96,0.0
2023-08-16,Alpha,North,4,144.16,576.64
2023-08-16,Delta,North,1,15.1,15.1
2023-08-17,Gamma,South,3,81.01,243.03000000000003
2023-08-17,Alpha,West,2,45.86,91.72
2023-08-17,Delta,East,3,197.88,593.64
2023-08-17,Beta,East,3,69.26,207.78000000000003
2023-08-17,Alpha,West,5,170.11,850.5500000000001
2023-08-17,Gamma,West,2,20.51,41.02
2023-08-17,Alpha,North,8,194.52,1556.16
2023-08-17,Delta,East,1,160.24,160.24
2023-08-18,Delta,West,6,107.54,645.24
2023-08-18,Gamma,West,5,174.24,871.2
2023-08-18,Gamma,South,2,191.24,382.48
2023-08-19,Gamma,East,2,184.03,368.06
2023-08-19,Beta,North,1,159.39,159.39
2023-08-19,Alpha,West,1,119.23,119.23
2023-08-19,Beta,South,4,181.74,726.96
2023-08-19,Gamma,West,2,89.4,178.8
2023-08-19,Beta,East,1,179.77,179.77
2023-08-19,Delta,North,4,163.74,654.96
2023-08-19,Delta,West,2,98.87,197.74
2023-08-20,Delta,East,6,188.29,1129.74
2023-08-20,Delta,East,3,173.57,520.71
2023-08-21,Beta,South,3,44.73,134.19
2023-08-21,Gamma,South,6,77.14,462.84000000000003
2023-08-21,Gamma,South,0,38.88,0.0
2023-08-21,Beta,East,4,79.92,319.68
2023-08-21,Beta,North,3,23.24,69.72
2023-08-21,Alpha,West,5,49.73,248.64999999999998
2023-08-21,Beta,North,3,32.82,98.46000000000001
2023-08-21,Gamma,East,6,40.27,241.62
2023-08-21,Beta,West,2,82.68,165.36
2023-08-22,Delta,East,1,110.23,110.23
2023-08-22,Beta,North,2,48.29,96.58
2023-08-23,Beta,South,6,37.09,222.54000000000002
2023-08-23,Gamma,South,4,36.76,147.04
2023-08-23,Alpha,South,2,190.78,381.56
2023-08-24,Alpha,East,4,50.25,201.0
2023-08-24,Gamma,West,2,147.03,294.06
2023-08-24,Gamma,North,3,86.61,259.83
2023-08-24,Alpha,North,2,188.72,377.44
2023-08-25,Gamma,South,4,192.92,771.68
2023-08-25,Alpha,South,4,166.1,664.4
2023-08-25,Beta,South,1,139.84,139.84
2023-08-25,Alpha,West,3,133.19,399.57
2023-08-26,Gamma,North,3,193.96,581.88
2023-08-26,Alpha,North,4,189.16,756.64
2023-08-27,Alpha,North,2,179.45,358.9
2023-08-27,Alpha,West,4,19.18,76.72
2023-08-27,Delta,East,7,173.24,1212.68
2023-08-27,Gamma,South,4,135.31,541.24
2023-08-27,Beta,North,1,58.52,58.52
2023-08-29,Alpha,South,5,86.68,433.40000000000003
2023-08-29,Alpha,East,1,136.7,136.7
2023-08-30,Beta,North,0,194.17,0.0
2023-08-30,Gamma,South,1,78.51,78.51
2023-08-30,Beta,South,1,139.21,139.21
2023-08-30,Gamma,East,4,140.11,560.44
2023-08-30,Beta,North,0,99.34,0.0
2023-08-30,Delta,North,5,53.34,266.70000000000005
2023-08-30,Gamma,West,1,74.44,74.44
2023-08-30,Gamma,South,3,92.1,276.29999999999995
2023-08-31,Beta,East,0,46.02,0.0
2023-08-31,Alpha,East,6,146.73,880.3799999999999
2023-08-31,Alpha,East,2,41.32,82.64
2023-08-31,Gamma,South,5,143.95,719.75
2023-09-01,Alpha,North,6,24.04,144.24
2023-09-01,Alpha,East,2,38.76,77.52
2023-09-01,Alpha,North,4,160.0,640.0
2023-09-01,Delta,East,4,126.68,506.72
2023-09-02,Delta,North,2,129.96,259.92
2023-09-03,Alpha,East,3,93.09,279.27
2023-09-03,Beta,South,2,29.05,58.1
2023-09-03,Beta,South,3,103.91,311.73
2023-09-04,Alpha,East,1,64.96,64.96
2023-09-04,Beta,East,3,192.54,577.62
2023-09-05,Gamma,West,3,139.85,419.54999999999995
2023-09-06,Delta,East,2,167.41,334.82
2023-09-06,Alpha,North,4,180.98,723.92
2023-09-07,Gamma,South,7,42.63,298.41
2023-09-07,Gamma,West,1,36.79,36.79
2023-09-07,Gamma,North,3,144.03,432.09000000000003
2023-09-08,Beta,West,2,92.15,184.3
2023-09-08,Gamma,East,1,10.5,10.5
2023-09-08,Gamma,South,2,123.01,246.02
2023-09-08,Delta,North,3,176.57,529.71
2023-09-08,Delta,West,2,163.86,327.72
2023-09-08,Alpha,East,2,155.07,310.14
2023-09-09,Beta,North,5,176.09,880.45
2023-09-09,Beta,North,4,59.51,238.04
2023-09-10,Gamma,South,2,175.02,350.04
2023-09-10,Alpha,East,4,146.47,585.88
2023-09-10,Alpha,West,3,97.78,293.34000000000003
2023-09-10,Alpha,North,6,28.2,169.2
2023-09-10,Gamma,West,4,82.45,329.8
2023-09-10,Delta,North,3,91.91,275.73
2023-09-10,Beta,North,3,194.31,582.9300000000001
2023-09-10,Gamma,West,4,126.95,507.8
2023-09-11,Delta,West,2,126.95,253.9
2023-09-11,Beta,North,6,151.14,906.8399999999999
2023-09-11,Alpha,North,2,117.04,234.08
2023-09-11,Alpha,West,2,112.32,224.64
2023-09-11,Alpha,East,3,42.77,128.31
2023-09-11,Beta,West,3,135.73,407.18999999999994
2023-09-11,Gamma,South,3,50.89,152.67000000000002
2023-09-11,Delta,East,3,178.7,536.0999999999999
2023-09-13,Alpha,West,2,128.05,256.1
2023-09-13,Gamma,West,2,112.12,224.24
2023-09-13,Beta,East,1,115.8,115.8
2023-09-13,Alpha,North,4,161.51,646.04
2023-09-14,Alpha,South,1,28.75,28.75
2023-09-14,Alpha,North,2,151.09,302.18
2023-09-14,Beta,East,3,29.46,88.38
2023-09-15,Gamma,North,4,119.04,476.16
2023-09-15,Gamma,North,2,69.22,138.44
2023-09-16,Beta,North,2,111.72,223.44
2023-09-16,Delta,East,2,85.22,170.44
2023-09-16,Alpha,West,3,107.09,321.27
2023-09-16,Alpha,East,0,195.19,0.0
2023-09-16,Beta,East,2,93.84,187.68
2023-09-17,Beta,North,3,102.45,307.35
2023-09-17,Delta,West,2,142.32,284.64
2023-09-18,Beta,East,3,74.24,222.71999999999997
2023-09-18,Gamma,North,6,30.42,182.52
2023-09-18,Beta,South,7,154.03,1078.21
2023-09-18,Beta,North,3,84.35,253.04999999999998
2023-09-18,Beta,East,1,63.75,63.75
2023-09-18,Alpha,South,1,21.74,21.74
2023-09-18,Alpha,South,4,163.88,655.52
2023-09-19,Delta,East,4,81.19,324.76
2023-09-19,Beta,North,1,16.09,16.09
2023-09-20,Delta,West,4,84.03,336.12
2023-09-20,Delta,East,1,176.96,176.96
2023-09-20,Delta,East,4,143.53,574.12
2023-09-20,Alpha,North,4,146.29,585.16
2023-09-21,Beta,North,2,25.64,51.28
2023-09-21,Alpha,South,1,199.08,199.08
2023-09-21,Beta,North,3,70.45,211.35000000000002
2023-09-21,Gamma,North,4,57.2,228.8
2023-09-21,Delta,East,6,113.13,678.78
2023-09-22,Gamma,North,3,19.84,59.519999999999996
2023-09-23,Gamma,West,2,31.39,62.78
2023-09-23,Delta,South,3,103.62,310.86
2023-09-24,Alpha,West,3,109.9,329.70000000000005
2023-09-24,Beta,South,5,46.34,231.70000000000002
2023-09-25,Alpha,West,3,137.2,411.59999999999997
2023-09-25,Alpha,East,3,149.1,447.29999999999995
2023-09-25,Delta,East,5,57.6,288.0
2023-09-25,Beta,North,1,72.31,72.31
2023-09-25,Delta,South,2,130.26,260.52
2023-09-25,Beta,West,2,130.5,261.0
2023-09-26,Alpha,North,5,11.48,57.400000000000006
2023-09-27,Delta,East,3,31.91,95.73
2023-09-27,Alpha,North,4,187.47,749.88
2023-09-27,Beta,West,2,112.03,224.06
2023-09-27,Gamma,North,3,170.75,512.25
2023-09-28,Gamma,South,3,186.25,558.75
2023-09-28,Beta,West,5,28.91,144.55
2023-09-28,Gamma,North,1,186.58,186.58
2023-09-28,Delta,North,1,139.94,139.94
2023-09-29,Beta,West,4,56.0,224.0
2023-09-29,Delta,West,4,118.27,473.08
2023-09-30,Alpha,East,4,48.0,192.0
2023-09-30,Delta,West,5,47.83,239.14999999999998
2023-09-30,Gamma,East,5,31.2,156.0
2023-09-30,Gamma,East,2,123.38,246.76
2023-09-30,Alpha,West,4,133.41,533.64
2023-09-30,Gamma,West,4,83.37,333.48
2023-10-01,Beta,West,8,147.55,1180.4
2023-10-01,Gamma,North,6,62.75,376.5
2023-10-01,Beta,South,3,62.47,187.41
2023-10-01,Delta,East,2,27.04,54.08
2023-10-02,Beta,North,2,111.41,222.82
2023-10-03,Delta,North,0,103.88,0.0
2023-10-03,Alpha,South,1,138.49,138.49
2023-10-04,Gamma,East,6,63.61,381.65999999999997
2023-10-04,Alpha,South,2,81.61,163.22
2023-10-04,Delta,East,3,123.87,371.61
2023-10-04,Alpha,East,1,93.1,93.1
2023-10-04,Beta,East,2,56.76,113.52
2023-10-04,Beta,West,4,143.12,572.48
2023-10-04,Beta,North,3,193.59,580.77
2023-10-05,Beta,North,0,152.71,0.0
2023-10-05,Gamma,South,3,92.45,277.35
2023-10-05,Delta,West,5,52.0,260.0
2023-10-06,Gamma,East,1,194.79,194.79
2023-10-06,Delta,East,1,87.67,87.67
2023-10-06,Alpha,East,5,11.53,57.65
2023-10-07,Gamma,East,5,43.37,216.85
2023-10-07,Gamma,West,2,76.13,152.26
2023-10-07,Beta,South,2,144.35,288.7
2023-10-07,Gamma,South,5,128.67,643.3499999999999
2023-10-08,Beta,North,3,166.22,498.65999999999997
2023-10-08,Alpha,West,3,149.38,448.14
2023-10-08,Beta,West,3,23.66,70.98
2023-10-09,Gamma,North,4,113.75,455.0
2023-10-09,Delta,South,1,115.62,115.62
2023-10-09,Gamma,South,4,132.15,528.6
2023-10-10,Delta,West,3,116.27,348.81
2023-10-10,Alpha,East,3,135.77,407.31000000000006
2023-10-10,Alpha,West,5,170.86,854.3000000000001
2023-10-10,Alpha,North,0,25.86,0.0
2023-10-11,Beta,East,3,122.36,367.08
2023-10-11,Delta,West,3,166.39,499.16999999999996
2023-10-11,Alpha,West,4,131.29,525.16
2023-10-12,Alpha,West,5,115.16,575.8
2023-10-12,Delta,North,6,36.54,219.24
2023-10-12,Gamma,West,1,165.83,165.83
2023-10-12,Delta,East,3,152.57,457.71
2023-10-12,Gamma,East,3,127.41,382.23
2023-10-12,Beta,South,3,182.51,547.53
2023-10-12,Gamma,South,8,40.87,326.96
2023-10-13,Delta,North,2,20.91,41.82
2023-10-13,Alpha,South,3,106.38,319.14
2023-10-14,Delta,East,4,160.26,641.04
2023-10-14,Gamma,North,3,156.47,469.40999999999997
2023-10-14,Alpha,North,2,79.17,158.34
2023-10-14,Gamma,South,3,90.42,271.26
2023-10-14,Delta,East,2,154.02,308.04
2023-10-15,Gamma,West,2,130.21,260.42
2023-10-15,Delta,North,6,10.94,65.64
2023-10-15,Delta,East,3,103.46,310.38
2023-10-15,Alpha,West,4,171.61,686.44
2023-10-15,Delta,East,4,180.4,721.6
2023-10-15,Delta,North,2,182.61,365.22
2023-10-15,Delta,West,5,189.54,947.6999999999999
2023-10-15,Beta,South,2,11.69,23.38
2023-10-16,Beta,North,4,189.91,759.64
2023-10-16,Alpha,East,0,126.47,0.0
2023-10-16,Delta,West,2,92.96,185.92
2023-10-16,Delta,West,0,82.14,0.0
2023-10-16,Delta,South,1,17.6,17.6
2023-10-16,Beta,East,4,45.2,180.8
2023-10-16,Gamma,North,4,51.19,204.76
2023-10-16,Gamma,West,2,177.48,354.96
2023-10-18,Beta,West,2,143.97,287.94
2023-10-18,Alpha,East,2,127.38,254.76
2023-10-18,Gamma,South,3,94.39,283.17
2023-10-19,Beta,North,4,56.35,225.4
2023-10-19,Gamma,North,2,190.67,381.34
2023-10-20,Beta,South,1,168.13,168.13
2023-10-20,Beta,North,5,67.07,335.34999999999997
2023-10-20,Delta,North,6,112.07,672.42
2023-10-20,Alpha,East,1,33.23,33.23
2023-10-20,Alpha,North,3,96.65,289.95000000000005
2023-10-21,Gamma,East,6,148.79,892.74
2023-10-21,Delta,West,3,187.16,561.48
2023-10-22,Beta,North,1,15.16,15.16
2023-10-22,Delta,North,6,84.13,504.78
2023-10-22,Delta,South,1,28.79,28.79
2023-10-23,Gamma,North,2,36.55,73.1
2023-10-23,Gamma,East,4,60.05,240.2
2023-10-23,Beta,North,5,66.74,333.7
2023-10-23,Alpha,West,2,93.67,187.34
2023-10-23,Gamma,South,1,188.97,188.97
2023-10-23,Gamma,North,2,49.25,98.5
2023-10-24,Gamma,North,5,113.15,565.75
2023-10-25,Beta,East,2,140.58,281.16
2023-10-25,Gamma,West,2,54.12,108.24
2023-10-25,Delta,South,4,72.53,290.12
2023-10-27,Alpha,North,3,110.15,330.45000000000005
2023-10-27,Gamma,East,3,19.06,57.17999999999999
2023-10-28,Gamma,North,1,148.03,148.03
2023-10-28,Delta,North,3,162.41,487.23
2023-10-28,Alpha,West,3,121.24,363.71999999999997
2023-10-28,Beta,West,3,66.1,198.29999999999998
2023-10-28,Gamma,South,2,91.44,182.88
2023-10-29,Gamma,North,1,175.71,175.71
2023-10-29,Delta,South,4,108.11,432.44
2023-10-29,Beta,South,1,135.16,135.16
2023-10-29,Delta,East,6,83.7,502.20000000000005
2023-10-29,Delta,West,2,31.19,62.38
2023-10-29,Beta,South,1,81.26,81.26
2023-10-29,Delta,South,1,12.71,12.71
2023-10-29,Alpha,South,3,192.2,576.5999999999999
2023-10-30,Beta,South,2,40.47,80.94
2023-10-30,Delta,North,5,148.8,744.0
2023-10-30,Delta,South,5,166.09,830.45
2023-10-30,Beta,South,1,157.05,157.05
2023-10-30,Gamma,North,1,66.43,66.43
2023-10-30,Beta,West,1,47.56,47.56
2023-10-30,Alpha,East,5,21.75,108.75
2023-10-31,Delta,West,6,19.88,119.28
2023-10-31,Alpha,East,1,48.95,48.95
2023-10-31,Beta,South,2,162.86,325.72
2023-11-01,Alpha,East,6,18.91,113.46000000000001
2023-11-01,Beta,West,4,16.11,64.44
2023-11-01,Beta,East,3,127.55,382.65
2023-11-01,Alpha,West,3,81.36,244.07999999999998
2023-11-01,Delta,West,1,35.35,35.35
2023-11-01,Alpha,East,2,126.18,252.36
2023-11-02,Delta,East,3,149.4,448.20000000000005
2023-11-02,Beta,West,4,98.96,395.84
2023-11-02,Gamma,East,1,179.21,179.21
2023-11-02,Beta,South,1,162.81,162.81
2023-11-03,Beta,East,4,166.52,666.08
2023-11-04,Beta,South,1,125.85,125.85
2023-11-04,Gamma,East,3,183.95,551.8499999999999
2023-11-04,Beta,West,2,42.16,84.32
2023-11-05,Alpha,West,4,51.75,207.0
2023-11-05,Beta,South,2,94.48,188.96
2023-11-05,Beta,East,1,180.64,180.64
2023-11-05,Delta,South,4,126.48,505.92
2023-11-06,Alpha,East,4,126.52,506.08
2023-11-06,Alpha,East,6,11.89,71.34
2023-11-06,Beta,South,6,80.53,483.18
2023-11-07,Delta,East,3,198.15,594.45
2023-11-07,Beta,South,1,194.65,194.65
2023-11-07,Alpha,South,5,23.57,117.85
2023-11-07,Gamma,East,2,88.8,177.6
2023-11-08,Delta,West,5,21.86,109.3
2023-11-08,Gamma,South,2,117.35,234.7
2023-11-08,Gamma,East,1,115.32,115.32
2023-11-08,Beta,East,2,111.42,222.84
2023-11-09,Delta,South,5,47.7,238.5
2023-11-09,Delta,East,1,160.3,160.3
2023-11-09,Beta,North,1,192.35,192.35
2023-11-10,Beta,West,1,80.85,80.85
2023-11-10,Delta,West,4,154.1,616.4
2023-11-10,Alpha,North,4,28.06,112.24
2023-11-10,Alpha,South,3,124.23,372.69
2023-11-10,Gamma,West,1,53.51,53.51
2023-11-11,Alpha,South,5,89.73,448.65000000000003
2023-11-12,Beta,West,5,195.7,978.5
2023-11-12,Delta,West,3,121.86,365.58
2023-11-12,Gamma,North,0,117.83,0.0
2023-11-12,Beta,West,3,13.63,40.89
2023-11-13,Alpha,East,3,190.07,570.21
2023-11-14,Alpha,North,4,30.67,122.68
2023-11-14,Beta,South,3,35.91,107.72999999999999
2023-11-14,Alpha,East,3,115.22,345.65999999999997
2023-11-14,Delta,East,3,97.27,291.81
2023-11-14,Beta,West,4,116.39,465.56
2023-11-14,Gamma,West,1,135.36,135.36
2023-11-14,Alpha,West,1,140.11,140.11
2023-11-14,Gamma,South,1,113.19,113.19
2023-11-14,Beta,South,2,155.58,311.16
2023-11-15,Alpha,West,7,124.56,871.9200000000001
2023-11-15,Gamma,South,3,38.54,115.62
2023-11-15,Alpha,North,2,120.62,241.24
2023-11-16,Beta,East,5,118.37,591.85
2023-11-16,Beta,South,4,178.46,713.84
2023-11-16,Alpha,North,3,185.97,557.91
2023-11-16,Beta,South,5,178.66,893.3
2023-11-16,Beta,East,2,117.37,234.74
2023-11-16,Alpha,West,5,146.58,732.9000000000001
2023-11-17,Gamma,North,0,53.62,0.0
2023-11-17,Alpha,East,2,78.27,156.54
2023-11-17,Delta,South,2,51.5,103.0
2023-11-18,Gamma,East,4,117.89,471.56
2023-11-19,Delta,East,2,168.76,337.52
2023-11-19,Gamma,West,3,109.08,327.24
2023-11-19,Beta,North,2,172.7,345.4
2023-11-19,Alpha,South,2,34.27,68.54
2023-11-20,Gamma,West,2,120.13,240.26
2023-11-20,Gamma,East,4,148.1,592.4
2023-11-20,Beta,West,4,193.12,772.48
2023-11-20,Delta,South,4,83.73,334.92
2023-11-20,Delta,South,4,79.49,317.96
2023-11-20,Beta,South,1,110.74,110.74
2023-11-21,Beta,South,2,104.26,208.52
2023-11-22,Alpha,North,0,21.61,0.0
2023-11-22,Alpha,East,2,191.39,382.78
2023-11-22,Beta,North,3,83.87,251.61
2023-11-22,Gamma,West,3,176.75,530.25
2023-11-23,Delta,West,2,34.39,68.78
2023-11-23,Delta,East,4,155.36,621.44
2023-11-24,Alpha,North,1,109.36,109.36
2023-11-24,Beta,South,4,173.88,695.52
2023-11-24,Delta,West,4,15.22,60.88
2023-11-25,Gamma,South,3,58.16,174.48
2023-11-25,Beta,West,3,19.93,59.79
2023-11-25,Alpha,South,2,159.12,318.24
2023-11-25,Alpha,East,1,116.13,116.13
2023-11-26,Alpha,North,4,39.48,157.92
2023-11-26,Delta,South,5,119.71,598.55
2023-11-26,Beta,South,3,46.74,140.22
2023-11-26,Delta,South,4,19.46,77.84
2023-11-26,Beta,East,4,134.2,536.8
2023-11-27,Beta,South,8,128.92,1031.36
2023-11-27,Beta,East,4,143.94,575.76
2023-11-27,Beta,East,3,116.69,350.07
2023-11-28,Alpha,South,0,133.2,0.0
2023-11-28,Delta,West,2,66.41,132.82
2023-11-30,Alpha,South,4,38.63,154.52
2023-11-30,Delta,North,3,63.09,189.27
2023-11-30,Beta,North,4,118.57,474.28
2023-11-30,Beta,East,4,129.37,517.48
2023-12-01,Beta,South,3,185.67,557.01
2023-12-01,Beta,East,5,31.91,159.55
2023-12-01,Delta,West,2,54.79,109.58
2023-12-01,Delta,East,1,98.26,98.26
2023-12-01,Alpha,North,2,94.3,188.6
2023-12-02,Alpha,West,5,140.51,702.55
2023-12-02,Beta,North,1,26.68,26.68
2023-12-02,Alpha,North,1,46.5,46.5
2023-12-02,Alpha,West,0,138.19,0.0
2023-12-02,Alpha,South,6,49.09,294.54
2023-12-02,Beta,West,4,143.36,573.44
2023-12-03,Alpha,North,6,40.74,244.44
2023-12-03,Delta,East,2,156.02,312.04
2023-12-04,Alpha,North,3,49.01,147.03
2023-12-04,Delta,West,5,57.6,288.0
2023-12-04,Gamma,East,1,182.12,182.12
2023-12-04,Delta,East,1,49.31,49.31
2023-12-04,Beta,South,6,189.84,1139.04
2023-12-05,Gamma,East,2,117.87,235.74
2023-12-05,Gamma,East,4,176.97,707.88
2023-12-06,Gamma,South,3,144.46,433.38
2023-12-06,Gamma,West,1,86.27,86.27
2023-12-06,Beta,North,2,59.45,118.9
2023-12-07,Delta,North,1,141.87,141.87
2023-12-07,Gamma,East,0,74.41,0.0
2023-12-07,Beta,East,3,66.67,200.01
2023-12-08,Beta,South,1,138.06,138.06
2023-12-08,Gamma,East,2,146.49,292.98
2023-12-08,Beta,West,3,172.18,516.54
2023-12-08,Gamma,South,4,76.5,306.0
2023-12-08,Alpha,South,4,56.4,225.6
2023-12-08,Beta,North,1,63.86,63.86
2023-12-08,Gamma,East,3,192.54,577.62
2023-12-09,Gamma,East,6,199.94,1199.6399999999999
2023-12-10,Gamma,East,2,160.68,321.36
2023-12-10,Delta,South,0,38.6,0.0
2023-12-10,Beta,West,3,136.86,410.58000000000004
2023-12-10,Beta,South,2,165.39,330.78
2023-12-10,Delta,North,1,195.41,195.41
2023-12-10,Alpha,East,0,32.53,0.0
2023-12-11,Beta,West,1,45.59,45.59
2023-12-11,Beta,North,3,185.95,557.8499999999999
2023-12-11,Alpha,East,7,134.41,940.87
2023-12-11,Alpha,West,6,62.59,375.54
2023-12-11,Gamma,South,3,159.1,477.29999999999995
2023-12-12,Gamma,North,0,73.5,0.0
2023-12-12,Beta,South,4,113.6,454.4
2023-12-12,Alpha,West,3,88.12,264.36
2023-12-12,Delta,North,3,66.9,200.70000000000002
2023-12-12,Gamma,East,5,169.17,845.8499999999999
2023-12-12,Alpha,South,4,53.65,214.6
2023-12-12,Delta,South,2,195.19,390.38
2023-12-13,Alpha,West,3,13.48,40.44
2023-12-14,Alpha,West,1,160.3,160.3
2023-12-14,Alpha,South,1,146.42,146.42
2023-12-14,Gamma,East,6,194.77,1168.6200000000001
2023-12-14,Gamma,West,0,10.25,0.0
2023-12-14,Alpha,East,4,21.07,84.28
2023-12-15,Beta,South,1,75.44,75.44
2023-12-15,Beta,South,3,57.97,173.91
2023-12-15,Delta,West,3,81.25,243.75
2023-12-15,Alpha,North,2,135.14,270.28
2023-12-15,Alpha,East,4,170.44,681.76
2023-12-15,Alpha,North,1,54.96,54.96
2023-12-15,Gamma,South,0,50.51,0.0
2023-12-15,Delta,West,2,166.46,332.92
2023-12-16,Alpha,South,1,62.91,62.91
2023-12-16,Gamma,South,2,50.47,100.94
2023-12-16,Alpha,South,3,71.19,213.57
2023-12-16,Delta,North,2,30.4,60.8
2023-12-16,Delta,East,2,164.82,329.64
2023-12-16,Gamma,North,4,50.4,201.6
2023-12-16,Alpha,West,6,103.98,623.88
2023-12-17,Beta,West,0,56.58,0.0
2023-12-17,Alpha,South,4,123.02,492.08
2023-12-18,Gamma,West,3,131.25,393.75
2023-12-18,Alpha,West,1,180.16,180.16
2023-12-18,Gamma,South,4,142.47,569.88
2023-12-19,Gamma,East,5,196.13,980.65
2023-12-19,Beta,North,4,123.67,494.68
2023-12-19,Beta,South,4,117.71,470.84
2023-12-19,Beta,East,3,118.32,354.96
2023-12-19,Gamma,South,2,16.39,32.78
2023-12-20,Delta,West,1,134.56,134.56
2023-12-20,Alpha,West,4,127.64,510.56
2023-12-22,Gamma,East,8,187.16,1497.28
2023-12-22,Delta,South,2,162.37,324.74
2023-12-22,Delta,East,3,152.02,456.06000000000006
2023-12-22,Gamma,North,3,73.35,220.04999999999998
2023-12-22,Gamma,North,7,81.56,570.9200000000001
2023-12-23,Beta,West,2,86.8,173.6
2023-12-23,Alpha,North,1,77.71,77.71
2023-12-24,Alpha,East,1,77.36,77.36
2023-12-24,Gamma,South,3,119.57,358.71
2023-12-25,Beta,West,4,139.15,556.6
2023-12-25,Alpha,South,2,95.22,190.44
2023-12-25,Alpha,East,4,60.98,243.92
2023-12-25,Alpha,South,4,88.73,354.92
2023-12-25,Delta,West,5,137.51,687.55
2023-12-26,Gamma,West,2,165.67,331.34
2023-12-26,Gamma,East,3,131.31,393.93
2023-12-26,Beta,North,6,13.73,82.38
2023-12-26,Alpha,South,0,54.81,0.0
2023-12-26,Delta,North,4,151.4,605.6
2023-12-27,Beta,North,3,82.52,247.56
2023-12-27,Delta,North,1,84.56,84.56
2023-12-27,Beta,North,6,172.3,1033.8000000000002
2023-12-27,Gamma,West,7,116.44,815.0799999999999
2023-12-27,Gamma,South,1,178.29,178.29
2023-12-28,Alpha,South,4,106.68,426.72
2023-12-28,Gamma,North,4,124.16,496.64
2023-12-29,Delta,South,4,155.29,621.16
2023-12-29,Beta,West,4,47.32,189.28
2023-12-29,Delta,West,5,28.01,140.05
2023-12-29,Alpha,South,3,103.03,309.09000000000003
2023-12-29,Beta,North,1,84.91,84.91
2023-12-30,Gamma,East,1,182.38,182.38
2023-12-30,Gamma,West,1,125.14,125.14
2023-12-30,Gamma,North,3,105.68,317.04
2023-12-30,Delta,North,0,127.02,0.0
2023-12-30,Delta,South,2,143.77,287.54
2023-12-31,Alpha,North,3,154.14,462.41999999999996
2023-12-31,Alpha,East,1,140.03,140.03
2023-12-31,Alpha,North,4,74.76,299.04
2023-12-31,Beta,North,7,128.13,896.91
2023-12-31,Delta,South,9,163.82,1474.3799999999999
2023-12-31,Beta,North,1,112.8,112.8
2024-01-01,Delta,South,2,69.13,138.26
2024-01-01,Alpha,West,3,56.76,170.28
2024-01-01,Gamma,South,5,102.79,513.95
2024-01-02,Alpha,East,4,113.94,455.76
2024-01-02,Gamma,West,6,150.13,900.78
2024-01-02,Alpha,East,2,35.74,71.48
2024-01-02,Beta,West,2,15.92,31.84
2024-01-03,Gamma,East,5,58.57,292.85
2024-01-04,Alpha,South,2,167.86,335.72
2024-01-04,Delta,East,2,143.18,286.36
2024-01-04,Gamma,North,2,119.52,239.04
2024-01-05,Alpha,West,3,126.52,379.56
2024-01-05,Gamma,North,3,141.8,425.40000000000003
2024-01-05,Delta,East,4,64.69,258.76
2024-01-06,Alpha,South,3,169.38,508.14
2024-01-06,Alpha,South,3,92.35,277.04999999999995
2024-01-06,Gamma,West,3,166.37,499.11
2024-01-06,Gamma,West,2,48.06,96.12
2024-01-07,Delta,North,3,69.03,207.09
2024-01-08,Delta,North,7,101.11,707.77
2024-01-08,Gamma,South,2,18.08,36.16
2024-01-08,Delta,North,6,55.8,334.79999999999995
2024-01-08,Delta,North,1,34.58,34.58
2024-01-08,Beta,South,2,39.99,79.98
2024-01-09,Beta,West,3,189.66,568.98
2024-01-09,Beta,East,4,153.77,615.08
2024-01-09,Beta,West,3,151.66,454.98
2024-01-09,Beta,West,2,68.21,136.42
2024-01-09,Delta,South,3,34.94,104.82
2024-01-09,Alpha,East,2,163.44,326.88
2024-01-10,Beta,West,4,97.27,389.08
2024-01-10,Delta,West,3,133.8,401.40000000000003
2024-01-10,Delta,East,4,44.88,179.52
2024-01-11,Gamma,West,1,177.8,177.8
2024-01-11,Delta,East,6,49.26,295.56
2024-01-11,Delta,West,5,153.03,765.15
2024-01-11,Delta,North,0,61.79,0.0
2024-01-12,Alpha,West,3,147.56,442.68
2024-01-12,Alpha,East,3,36.49,109.47
2024-01-12,Gamma,South,2,178.04,356.08
2024-01-12,Delta,North,6,28.35,170.10000000000002
2024-01-13,Gamma,East,7,182.64,1278.48
2024-01-13,Beta,West,0,130.0,0.0
2024-01-13,Beta,South,4,188.23,752.92
2024-01-13,Delta,West,4,136.8,547.2
2024-01-13,Gamma,South,2,199.51,399.02
2024-01-14,Beta,North,1,146.13,146.13
2024-01-14,Alpha,West,5,19.28,96.4
2024-01-15,Beta,North,2,79.08,158.16
2024-01-15,Gamma,West,1,197.94,197.94
2024-01-15,Alpha,East,4,72.51,290.04
2024-01-15,Beta,West,5,29.08,145.39999999999998
2024-01-15,Gamma,South,2,43.22,86.44
2024-01-16,Alpha,North,0,133.86,0.0
2024-01-16,Alpha,South,2,103.41,206.82
2024-01-16,Delta,South,3,37.39,112.17
2024-01-16,Beta,East,4,121.78,487.12
2024-01-16,Alpha,West,2,96.65,193.3
2024-01-16,Delta,South,4,158.41,633.64
2024-01-16,Delta,East,0,58.08,0.0
2024-01-17,Gamma,East,1,153.75,153.75
2024-01-17,Gamma,North,2,68.09,136.18
2024-01-17,Gamma,East,4,161.66,646.64
2024-01-17,Alpha,North,1,43.67,43.67
2024-01-18,Alpha,North,3,131.96,395.88
2024-01-19,Gamma,South,4,182.61,730.44
2024-01-19,Alpha,South,1,63.14,63.14
2024-01-20,Alpha,West,5,46.92,234.60000000000002
2024-01-20,Beta,West,2,32.55,65.1
2024-01-20,Delta,South,3,184.89,554.67
2024-01-20,Alpha,West,4,82.88,331.52
2024-01-20,Beta,North,1,104.04,104.04
2024-01-21,Alpha,South,3,37.56,112.68
2024-01-21,Alpha,West,4,179.16,716.64
2024-01-21,Alpha,North,3,148.68,446.04
2024-01-21,Alpha,West,4,127.55,510.2
2024-01-21,Delta,West,0,130.56,0.0
2024-01-21,Gamma,North,4,72.88,291.52
2024-01-21,Alpha,South,2,55.4,110.8
2024-01-21,Beta,North,2,71.69,143.38
2024-01-22,Alpha,South,6,43.93,263.58
2024-01-22,Alpha,South,4,150.7,602.8
2024-01-22,Delta,West,4,51.16,204.64
2024-01-22,Alpha,North,2,193.6,387.2
2024-01-23,Beta,South,4,88.24,352.96
2024-01-23,Beta,North,5,139.2,696.0
2024-01-24,Gamma,West,3,81.08,243.24
2024-01-24,Beta,South,3,100.36,301.08
2024-01-25,Beta,West,4,186.05,744.2
2024-01-25,Delta,West,1,50.01,50.01
2024-01-25,Delta,East,5,187.14,935.6999999999999
2024-01-25,Alpha,West,4,26.14,104.56
2024-01-26,Beta,East,3,22.4,67.19999999999999
2024-01-26,Delta,West,4,19.5,78.0
2024-01-26,Beta,West,1,179.82,179.82
2024-01-26,Alpha,South,6,115.76,694.5600000000001
2024-01-27,Gamma,East,1,56.49,56.49
2024-01-27,Gamma,South,2,15.73,31.46
2024-01-27,Alpha,West,1,132.86,132.86
2024-01-27,Beta,East,4,147.44,589.76
2024-01-27,Beta,East,2,94.85,189.7
2024-01-28,Delta,South,4,98.68,394.72
2024-01-28,Alpha,South,2,90.68,181.36
2024-01-28,Beta,North,1,92.99,92.99
2024-01-28,Delta,North,5,109.4,547.0
2024-01-28,Beta,North,7,27.39,191.73000000000002
2024-01-28,Delta,West,4,108.39,433.56
2024-01-29,Gamma,East,2,174.69,349.38
2024-01-29,Gamma,North,4,187.8,751.2
2024-01-29,Gamma,West,5,134.38,671.9
2024-01-30,Delta,West,1,85.8,85.8
2024-01-30,Delta,North,0,136.72,0.0
2024-01-30,Gamma,North,6,175.46,1052.76
2024-01-30,Gamma,West,6,123.32,739.92
2024-01-31,Alpha,North,4,90.85,363.4
2024-01-31,Gamma,North,3,22.74,68.22
2024-01-31,Alpha,North,4,101.82,407.28
2024-01-31,Beta,East,5,71.1,355.5
2024-02-01,Gamma,West,0,185.82,0.0
2024-02-01,Alpha,North,1,81.64,81.64
2024-02-01,Delta,East,3,177.16,531.48
2024-02-01,Delta,West,2,76.74,153.48
2024-02-01,Gamma,South,1,170.07,170.07
2024-02-01,Alpha,North,1,176.6,176.6
2024-02-01,Gamma,East,2,170.71,341.42
2024-02-02,Alpha,North,2,131.77,263.54
2024-02-02,Gamma,East,1,126.29,126.29
2024-02-02,Delta,South,1,164.19,164.19
2024-02-03,Gamma,South,1,113.22,113.22
2024-02-03,Alpha,West,3,83.85,251.54999999999998
2024-02-03,Delta,North,6,175.87,1055.22
2024-02-03,Delta,West,1,60.29,60.29
2024-02-03,Alpha,East,2,196.69,393.38
2024-02-04,Gamma,North,5,158.39,791.9499999999999
2024-02-04,Gamma,West,3,71.29,213.87
2024-02-04,Delta,South,3,15.43,46.29
2024-02-04,Gamma,East,4,98.67,394.68
2024-02-05,Alpha,East,4,61.38,245.52
2024-02-05,Gamma,West,4,119.1,476.4
2024-02-05,Alpha,North,8,24.28,194.24
2024-02-05,Delta,North,5,149.49,747.45
2024-02-05,Delta,North,0,143.64,0.0
2024-02-05,Gamma,East,2,156.92,313.84
2024-02-05,Gamma,East,3,85.28,255.84
2024-02-05,Beta,West,1,133.56,133.56
2024-02-05,Delta,North,1,65.72,65.72
2024-02-06,Gamma,South,6,157.9,947.4000000000001
2024-02-06,Alpha,South,2,181.83,363.66
2024-02-06,Delta,East,1,12.97,12.97
2024-02-06,Delta,South,3,57.62,172.85999999999999
2024-02-06,Gamma,West,4,83.91,335.64
2024-02-07,Beta,East,1,130.65,130.65
2024-02-07,Delta,West,1,39.31,39.31
2024-02-07,Beta,North,6,15.51,93.06
2024-02-08,Beta,North,5,157.96,789.8000000000001
2024-02-08,Gamma,South,2,54.58,109.16
2024-02-09,Gamma,East,3,105.08,315.24
2024-02-09,Gamma,North,5,65.83,329.15
2024-02-09,Delta,West,4,12.99,51.96
2024-02-09,Gamma,West,3,147.61,442.83000000000004
2024-02-09,Beta,South,4,62.56,250.24
2024-02-09,Delta,East,3,52.16,156.48
2024-02-09,Alpha,South,4,196.05,784.2
2024-02-10,Gamma,East,2,31.45,62.9
2024-02-10,Delta,West,5,33.81,169.05
2024-02-10,Beta,North,3,31.7,95.1
2024-02-10,Beta,North,4,19.32,77.28
2024-02-11,Gamma,North,4,91.97,367.88
2024-02-11,Beta,North,3,118.73,356.19
2024-02-11,Gamma,South,4,199.97,799.88
2024-02-11,Alpha,South,0,125.98,0.0
2024-02-11,Alpha,East,1,92.34,92.34
2024-02-11,Delta,South,1,13.29,13.29
2024-02-12,Gamma,South,3,157.16,471.48
2024-02-12,Alpha,North,3,166.99,500.97
2024-02-12,Gamma,East,6,98.66,591.96
2024-02-13,Gamma,East,2,187.78,375.56
2024-02-14,Beta,West,3,197.59,592.77
2024-02-14,Alpha,East,8,181.28,1450.24
2024-02-14,Gamma,North,2,188.96,377.92
2024-02-15,Beta,North,3,118.32,354.96
2024-02-15,Beta,West,3,169.09,507.27
2024-02-15,Gamma,South,1,121.39,121.39
2024-02-16,Alpha,South,3,137.83,413.49
2024-02-17,Delta,West,6,148.18,889.08
2024-02-17,Alpha,East,6,22.97,137.82
2024-02-18,Delta,South,5,90.21,451.04999999999995
2024-02-18,Gamma,East,2,112.45,224.9
2024-02-18,Delta,South,1,110.3,110.3
2024-02-18,Delta,North,2,100.6,201.2
2024-02-18,Alpha,South,4,71.07,284.28
2024-02-19,Beta,East,1,112.26,112.26
2024-02-19,Beta,South,2,70.37,140.74
2024-02-19,Alpha,South,4,67.74,270.96
2024-02-20,Gamma,North,1,140.52,140.52
2024-02-20,Gamma,South,1,71.89,71.89
2024-02-20,Delta,North,4,45.0,180.0
2024-02-20,Alpha,West,3,56.84,170.52
2024-02-21,Delta,East,3,103.84,311.52
2024-02-21,Beta,West,2,90.35,180.7
2024-02-22,Alpha,East,3,191.79,575.37
2024-02-22,Gamma,West,6,10.02,60.12
2024-02-22,Alpha,North,2,53.26,106.52
2024-02-22,Alpha,North,2,63.39,126.78
2024-02-22,Beta,North,5,182.33,911.6500000000001
2024-02-23,Beta,East,6,57.96,347.76
2024-02-23,Alpha,West,3,110.62,331.86
2024-02-23,Delta,East,3,82.2,246.60000000000002
2024-02-23,Beta,South,2,82.46,164.92
2024-02-23,Delta,East,4,192.04,768.16
2024-02-24,Alpha,North,5,157.91,789.55
2024-02-24,Delta,West,3,59.16,177.48
2024-02-24,Beta,North,2,118.53,237.06
2024-02-24,Beta,North,3,119.88,359.64
2024-02-24,Alpha,South,2,185.42,370.84
2024-02-24,Gamma,North,4,175.6,702.4
2024-02-24,Beta,South,1,13.81,13.81
2024-02-25,Gamma,North,3,15.34,46.019999999999996
2024-02-26,Delta,South,4,141.54,566.16
2024-02-26,Delta,East,6,23.85,143.10000000000002
2024-02-26,Alpha,North,0,104.23,0.0
2024-02-26,Beta,East,1,166.56,166.56
2024-02-26,Beta,South,5,63.99,319.95
2024-02-26,Gamma,North,1,129.94,129.94
2024-02-26,Alpha,North,1,130.33,130.33
2024-02-27,Delta,South,4,10.21,40.84
2024-02-28,Alpha,North,3,166.57,499.71
2024-02-28,Delta,North,1,43.94,43.94
2024-02-29,Gamma,East,6,92.27,553.62
2024-02-29,Gamma,West,5,176.08,880.4000000000001
2024-02-29,Beta,South,4,35.75,143.0
2024-02-29,Delta,West,4,120.99,483.96
2024-03-01,Beta,South,4,14.35,57.4
2024-03-01,Gamma,South,2,149.68,299.36
2024-03-01,Delta,South,3,42.44,127.32
2024-03-02,Delta,West,1,143.42,143.42
2024-03-02,Alpha,West,3,114.69,344.07
2024-03-02,Gamma,West,1,178.87,178.87
2024-03-02,Beta,South,6,46.16,276.96
2024-03-03,Alpha,East,7,70.07,490.48999999999995
2024-03-03,Gamma,North,5,80.47,402.35
2024-03-03,Beta,North,5,197.4,987.0
2024-03-03,Gamma,North,4,168.84,675.36
2024-03-04,Delta,East,2,89.39,178.78
2024-03-04,Beta,West,2,71.42,142.84
2024-03-04,Alpha,East,2,29.11,58.22
2024-03-05,Delta,South,2,129.09,258.18
2024-03-05,Beta,East,3,112.96,338.88
2024-03-06,Beta,East,4,121.45,485.8
2024-03-07,Beta,North,4,84.18,336.72
2024-03-07,Alpha,East,3,187.49,562.47
2024-03-07,Beta,North,3,158.23,474.68999999999994
2024-03-07,Delta,East,11,113.98,1253.78
2024-03-10,Beta,North,2,180.28,360.56
2024-03-10,Alpha,South,3,32.79,98.37
2024-03-10,Gamma,North,2,98.26,196.52
2024-03-10,Gamma,South,3,165.66,496.98
2024-03-10,Delta,East,6,178.1,1068.6
2024-03-10,Beta,West,3,23.57,70.71000000000001
2024-03-10,Alpha,North,1,180.28,180.28
2024-03-10,Alpha,South,5,120.76,603.8000000000001
2024-03-11,Delta,South,3,146.94,440.82
2024-03-11,Gamma,West,2,144.51,289.02
2024-03-11,Alpha,East,1,175.87,175.87
2024-03-11,Alpha,South,2,108.22,216.44
2024-03-11,Alpha,East,2,39.71,79.42
2024-03-11,Gamma,South,1,46.79,46.79
2024-03-12,Beta,East,3,88.46,265.38
2024-03-12,Gamma,West,6,101.01,606.0600000000001
2024-03-12,Delta,West,2,185.73,371.46
2024-03-12,Gamma,West,3,118.37,355.11
2024-03-13,Delta,East,5,188.03,940.15
2024-03-13,Delta,South,4,115.19,460.76
2024-03-14,Gamma,North,2,171.44,342.88
2024-03-14,Beta,East,1,34.92,34.92
2024-03-15,Gamma,West,0,79.42,0.0
2024-03-15,Gamma,South,2,168.54,337.08
2024-03-15,Alpha,West,2,92.19,184.38
2024-03-16,Alpha,West,4,109.76,439.04
2024-03-16,Delta,West,2,90.63,181.26
2024-03-16,Gamma,North,0,185.63,0.0
2024-03-16,Gamma,East,2,139.97,279.94
2024-03-17,Delta,East,1,60.01,60.01
2024-03-17,Delta,West,3,88.18,264.54
2024-03-17,Beta,West,0,151.64,0.0
2024-03-17,Delta,West,6,143.37,860.22
2024-03-17,Beta,North,3,86.08,258.24
2024-03-18,Alpha,East,1,147.36,147.36
2024-03-18,Gamma,South,1,113.21,113.21
2024-03-18,Beta,South,3,97.1,291.29999999999995
2024-03-19,Beta,South,2,107.04,214.08
2024-03-20,Delta,East,3,133.56,400.68
2024-03-20,Gamma,North,2,82.09,164.18
2024-03-20,Beta,South,4,111.25,445.0
2024-03-20,Beta,South,2,186.73,373.46
2024-03-21,Alpha,South,3,66.83,200.49
2024-03-21,Beta,West,2,87.0,174.0
2024-03-21,Alpha,East,4,116.93,467.72
2024-03-22,Alpha,South,6,12.97,77.82000000000001
2024-03-22,Alpha,North,1,61.79,61.79
2024-03-22,Beta,East,2,169.17,338.34
2024-03-23,Alpha,South,3,87.28,261.84000000000003
2024-03-23,Beta,West,3,99.78,299.34000000000003
2024-03-24,Alpha,East,3,196.99,590.97
2024-03-24,Beta,East,7,129.06,903.4200000000001
2024-03-24,Alpha,North,3,151.78,455.34000000000003
2024-03-24,Delta,North,2,119.68,239.36
2024-03-24,Delta,South,4,107.05,428.2
2024-03-25,Beta,East,2,178.95,357.9
2024-03-25,Beta,North,3,170.86,512.58
2024-03-25,Delta,West,2,22.29,44.58
2024-03-25,Delta,West,3,132.26,396.78
2024-03-25,Beta,South,2,144.03,288.06
2024-03-26,Beta,North,2,119.55,239.1
2024-03-27,Alpha,East,3,34.07,102.21000000000001
2024-03-27,Beta,East,7,172.38,1206.6599999999999
2024-03-28,Delta,East,2,29.17,58.34
2024-03-28,Alpha,East,1,132.68,132.68
2024-03-28,Gamma,West,3,70.14,210.42000000000002
2024-03-28,Gamma,West,2,131.27,262.54
2024-03-28,Alpha,North,3,131.44,394.32
2024-03-29,Delta,West,0,148.61,0.0
2024-03-29,Alpha,South,2,153.49,306.98
2024-03-29,Delta,East,4,149.44,597.76
2024-03-30,Alpha,West,4,71.91,287.64
2024-03-30,Alpha,South,0,107.0,0.0
2024-03-30,Delta,South,3,96.57,289.71
2024-03-30,Beta,North,1,184.07,184.07
2024-03-30,Alpha,North,5,49.85,249.25
2024-03-30,Alpha,South,3,120.45,361.35
2024-03-30,Beta,North,3,59.91,179.73
2024-03-30,Delta,South,4,193.81,775.24
2024-03-31,Alpha,East,3,61.32,183.96
2024-03-31,Delta,West,4,166.02,664.08
2024-03-31,Delta,South,2,182.69,365.38
2024-03-31,Beta,West,2,16.15,32.3
2024-04-01,Gamma,West,4,20.63,82.52
2024-04-01,Alpha,South,1,27.85,27.85
2024-04-01,Delta,West,1,19.32,19.32
2024-04-02,Delta,West,1,160.7,160.7
2024-04-02,Alpha,West,4,169.6,678.4
2024-04-03,Beta,West,5,186.19,930.95
2024-04-03,Beta,West,4,91.9,367.6
2024-04-03,Beta,East,4,41.74,166.96
2024-04-03,Delta,East,5,36.15,180.75
2024-04-03,Beta,East,1,64.88,64.88
2024-04-03,Alpha,South,3,180.98,542.9399999999999
2024-04-03,Beta,East,1,78.43,78.43
2024-04-04,Delta,South,2,167.59,335.18
2024-04-04,Beta,West,2,151.27,302.54
2024-04-04,Beta,South,5,175.92,879.5999999999999
2024-04-04,Gamma,West,2,126.8,253.6
2024-04-04,Beta,South,2,115.45,230.9
2024-04-04,Delta,East,1,116.73,116.73
2024-04-05,Alpha,North,4,175.52,702.08
2024-04-05,Beta,North,4,153.33,613.32
2024-04-05,Gamma,East,4,106.85,427.4
2024-04-05,Beta,North,5,20.91,104.55
2024-04-06,Beta,East,10,52.71,527.1
2024-04-06,Delta,South,3,148.74,446.22
2024-04-06,Alpha,North,1,198.74,198.74
2024-04-06,Gamma,West,1,187.85,187.85
2024-04-07,Alpha,East,3,165.2,495.59999999999997
2024-04-07,Beta,North,2,78.07,156.14
2024-04-07,Alpha,West,4,186.6,746.4
2024-04-07,Gamma,West,2,128.24,256.48
2024-04-07,Gamma,South,5,137.64,688.1999999999999
2024-04-07,Gamma,South,5,110.56,552.8
2024-04-08,Alpha,East,1,66.95,66.95
2024-04-09,Alpha,South,3,37.14,111.42
2024-04-10,Gamma,North,2,167.05,334.1
2024-04-10,Delta,North,3,159.17,477.51
2024-04-10,Alpha,South,3,174.95,524.8499999999999
2024-04-10,Beta,North,6,179.39,1076.34
2024-04-10,Gamma,West,4,29.84,119.36
2024-04-11,Alpha,West,3,181.01,543.03
2024-04-11,Alpha,West,2,142.37,284.74
2024-04-11,Gamma,East,5,115.13,575.65
2024-04-11,Gamma,North,3,151.48,454.43999999999994
2024-04-11,Alpha,North,3,72.56,217.68
2024-04-11,Delta,South,3,34.84,104.52000000000001
2024-04-12,Delta,West,2,195.64,391.28
2024-04-13,Delta,East,1,139.84,139.84
2024-04-13,Delta,West,3,100.68,302.04
2024-04-13,Gamma,South,3,46.95,140.85000000000002
2024-04-13,Gamma,West,4,65.38,261.52
2024-04-14,Gamma,North,6,109.18,655.08
2024-04-14,Delta,South,3,169.13,507.39
2024-04-14,Alpha,West,4,50.9,203.6
2024-04-15,Beta,West,1,39.2,39.2
2024-04-15,Delta,South,3,22.84,68.52
2024-04-15,Beta,South,2,188.02,376.04
2024-04-15,Alpha,West,1,110.94,110.94
2024-04-15,Gamma,East,4,122.56,490.24
2024-04-16,Delta,North,1,81.58,81.58
2024-04-16,Alpha,South,2,20.23,40.46
2024-04-17,Beta,West,2,22.97,45.94
2024-04-17,Beta,East,5,161.17,805.8499999999999
2024-04-17,Alpha,South,5,58.24,291.2
2024-04-17,Beta,West,4,169.32,677.28
2024-04-17,Gamma,West,8,58.2,465.6
2024-04-18,Beta,South,2,123.6,247.2
2024-04-18,Beta,East,3,82.45,247.35000000000002
2024-04-18,Delta,South,3,154.1,462.29999999999995
2024-04-18,Beta,West,2,198.15,396.3
2024-04-18,Alpha,South,6,83.15,498.90000000000003
2024-04-19,Delta,South,0,86.25,0.0
2024-04-19,Delta,West,5,129.28,646.4
2024-04-19,Alpha,South,1,99.02,99.02
2024-04-20,Delta,North,3,65.56,196.68
2024-04-20,Delta,East,1,91.83,91.83
2024-04-20,Alpha,East,2,14.81,29.62
2024-04-20,Beta,East,4,128.82,515.28
2024-04-20,Gamma,North,3,117.41,352.23
2024-04-20,Delta,North,2,163.43,326.86
2024-04-20,Delta,South,8,149.65,1197.2
2024-04-21,Gamma,North,5,178.29,891.4499999999999
2024-04-21,Delta,North,0,151.84,0.0
2024-04-21,Delta,South,4,183.51,734.04
2024-04-21,Beta,North,1,85.36,85.36
2024-04-21,Delta,South,2,34.2,68.4
2024-04-21,Gamma,North,3,180.96,542.88
2024-04-21,Beta,North,3,98.47,295.40999999999997
2024-04-22,Gamma,West,4,27.56,110.24
2024-04-22,Gamma,West,6,147.92,887.52
2024-04-22,Gamma,East,4,76.03,304.12
2024-04-25,Gamma,South,8,128.95,1031.6
2024-04-25,Gamma,West,2,185.53,371.06
2024-04-25,Gamma,South,5,71.61,358.05
2024-04-25,Delta,South,2,56.9,113.8
2024-04-26,Alpha,North,5,115.82,579.0999999999999
2024-04-26,Gamma,East,4,83.62,334.48
2024-04-26,Gamma,South,2,49.34,98.68
2024-04-26,Alpha,South,2,22.34,44.68
2024-04-27,Beta,North,4,153.07,612.28
2024-04-27,Alpha,North,1,188.16,188.16
2024-04-27,Beta,East,4,153.62,614.48
2024-04-27,Beta,South,0,196.99,0.0
2024-04-27,Alpha,North,2,63.99,127.98
2024-04-28,Delta,East,2,29.41,58.82
2024-04-28,Beta,North,3,158.82,476.46
2024-04-29,Delta,North,4,164.49,657.96
2024-04-29,Delta,West,2,177.84,355.68
2024-04-29,Beta,South,5,86.29,431.45000000000005
2024-04-29,Delta,East,6,53.0,318.0
2024-04-29,Beta,North,3,100.0,300.0
2024-04-29,Gamma,North,6,83.94,503.64
2024-05-02,Alpha,North,3,160.35,481.04999999999995
2024-05-02,Delta,West,4,59.88,239.52
2024-05-02,Delta,East,3,166.05,498.15000000000003
2024-05-02,Alpha,West,3,67.38,202.14
2024-05-03,Beta,South,5,118.82,594.0999999999999
2024-05-03,Gamma,North,3,146.81,440.43
2024-05-03,Gamma,West,6,119.95,719.7
2024-05-03,Delta,South,6,48.43,290.58
2024-05-04,Gamma,North,2,168.14,336.28
2024-05-04,Beta,East,4,65.57,262.28
2024-05-04,Alpha,West,3,25.1,75.30000000000001
2024-05-04,Delta,East,1,114.48,114.48
2024-05-04,Beta,East,1,138.01,138.01
2024-05-04,Delta,East,1,61.06,61.06
2024-05-05,Beta,North,4,64.32,257.28
2024-05-05,Delta,East,3,55.65,166.95
2024-05-05,Beta,East,3,168.25,504.75
2024-05-05,Delta,East,2,137.38,274.76
2024-05-06,Gamma,East,4,187.73,750.92
2024-05-06,Beta,South,3,68.22,204.66
2024-05-06,Alpha,North,2,113.84,227.68
2024-05-07,Alpha,North,1,70.23,70.23
2024-05-07,Alpha,South,3,11.56,34.68
2024-05-07,Delta,West,0,198.99,0.0
2024-05-07,Gamma,East,2,83.14,166.28
2024-05-07,Gamma,East,2,144.03,288.06
2024-05-08,Alpha,East,1,64.14,64.14
2024-05-08,Delta,North,1,28.98,28.98
2024-05-08,Gamma,West,5,156.13,780.65
2024-05-08,Delta,West,3,104.53,313.59000000000003
2024-05-09,Beta,South,3,147.56,442.68
2024-05-09,Delta,East,3,171.51,514.53
2024-05-09,Gamma,West,0,131.08,0.0
2024-05-10,Gamma,West,1,139.56,139.56
2024-05-11,Gamma,West,2,180.21,360.42
2024-05-11,Delta,East,5,68.48,342.40000000000003
2024-05-11,Gamma,West,0,195.33,0.0
2024-05-11,Delta,South,4,33.23,132.92
2024-05-11,Gamma,East,1,173.78,173.78
2024-05-11,Beta,North,2,57.99,115.98
2024-05-11,Delta,North,5,22.46,112.30000000000001
2024-05-11,Alpha,East,1,164.28,164.28
2024-05-11,Delta,North,3,44.32,132.96
2024-05-12,Beta,South,6,77.55,465.29999999999995
2024-05-12,Beta,East,0,32.58,0.0
2024-05-12,Delta,West,2,83.53,167.06
2024-05-13,Alpha,South,4,12.35,49.4
2024-05-13,Delta,West,3,191.96,575.88
2024-05-13,Alpha,West,3,58.78,176.34
2024-05-14,Alpha,West,2,109.23,218.46
2024-05-14,Delta,North,4,190.27,761.08
2024-05-14,Delta,West,3,134.35,403.04999999999995
2024-05-14,Beta,North,4,32.79,131.16
2024-05-14,Alpha,East,3,110.12,330.36
2024-05-14,Delta,North,3,178.16,534.48
2024-05-14,Alpha,North,6,75.83,454.98
2024-05-14,Alpha,East,1,70.14,70.14
2024-05-15,Gamma,South,1,178.17,178.17
2024-05-15,Alpha,West,3,161.44,484.32
2024-05-15,Delta,South,4,154.69,618.76
2024-05-15,Gamma,East,1,141.3,141.3
2024-05-16,Delta,North,1,50.56,50.56
2024-05-16,Delta,South,2,139.11,278.22
2024-05-16,Delta,North,1,78.08,78.08
2024-05-17,Beta,West,1,30.56,30.56
2024-05-17,Delta,South,4,24.98,99.92
2024-05-17,Beta,East,3,14.59,43.769999999999996
2024-05-17,Beta,South,1,48.38,48.38
2024-05-18,Alpha,South,4,55.78,223.12
2024-05-18,Gamma,North,2,10.26,20.52
2024-05-18,Delta,East,4,44.85,179.4
2024-05-19,Alpha,East,2,191.42,382.84
2024-05-19,Delta,South,0,29.63,0.0
2024-05-19,Gamma,North,4,145.85,583.4
2024-05-19,Gamma,North,1,56.23,56.23
2024-05-20,Delta,East,2,58.83,117.66
2024-05-20,Alpha,West,4,131.02,524.08
2024-05-20,Beta,North,3,128.86,386.58000000000004
2024-05-20,Gamma,North,2,115.18,230.36
2024-05-20,Gamma,East,0,52.91,0.0
2024-05-20,Gamma,South,3,144.42,433.26
2024-05-21,Gamma,South,1,39.09,39.09
2024-05-21,Gamma,North,3,79.67,239.01
2024-05-22,Gamma,North,3,113.84,341.52
2024-05-22,Alpha,South,7,84.27,589.89
2024-05-22,Delta,South,1,112.05,112.05
2024-05-23,Beta,South,7,20.22,141.54
2024-05-23,Beta,North,4,120.1,480.4
2024-05-23,Delta,North,2,114.38,228.76
2024-05-24,Gamma,West,5,89.17,445.85
2024-05-24,Alpha,East,2,156.78,313.56
2024-05-24,Alpha,North,2,153.92,307.84
2024-05-24,Alpha,West,0,158.7,0.0
2024-05-25,Delta,South,3,92.67,278.01
2024-05-25,Gamma,North,1,54.93,54.93
2024-05-25,Alpha,East,1,83.72,83.72
2024-05-25,Gamma,North,5,142.1,710.5
2024-05-25,Alpha,West,1,108.41,108.41
2024-05-25,Alpha,South,4,121.81,487.24
2024-05-25,Gamma,North,5,150.2,751.0
2024-05-26,Gamma,West,3,132.66,397.98
2024-05-26,Beta,South,1,43.4,43.4
2024-05-26,Beta,South,4,45.9,183.6
2024-05-26,Delta,North,1,152.02,152.02
2024-05-27,Beta,West,3,53.85,161.55
2024-05-27,Alpha,North,4,34.33,137.32
2024-05-27,Delta,East,1,153.63,153.63
2024-05-27,Gamma,North,2,94.83,189.66
2024-05-27,Delta,West,3,60.39,181.17000000000002
2024-05-28,Delta,South,8,85.99,687.92
2024-05-29,Beta,North,1,106.81,106.81
2024-05-29,Gamma,North,2,182.69,365.38
2024-05-29,Alpha,East,7,146.87,1028.0900000000001
2024-05-29,Alpha,South,4,43.14,172.56
2024-05-29,Beta,South,1,196.27,196.27
2024-05-30,Beta,West,4,28.56,114.24
2024-05-30,Beta,South,1,91.87,91.87
2024-05-30,Gamma,West,5,192.61,963.0500000000001
2024-05-30,Alpha,South,4,46.85,187.4
2024-05-30,Beta,North,4,59.85,239.4
2024-05-30,Delta,North,3,64.51,193.53000000000003
2024-05-30,Gamma,West,3,165.95,497.84999999999997
2024-05-31,Beta,East,4,150.2,600.8
2024-05-31,Delta,West,2,199.59,399.18
2024-05-31,Alpha,East,3,16.0,48.0
2024-05-31,Alpha,South,2,190.78,381.56
2024-05-31,Delta,East,3,114.78,344.34000000000003
2024-05-31,Alpha,South,7,54.29,380.03
2024-05-31,Alpha,South,3,30.01,90.03
2024-06-01,Beta,South,0,185.58,0.0
2024-06-01,Delta,North,1,96.99,96.99
2024-06-01,Alpha,West,5,146.99,734.95
2024-06-02,Gamma,North,1,23.87,23.87
2024-06-02,Gamma,West,5,141.72,708.6
2024-06-02,Gamma,North,2,171.62,343.24
2024-06-03,Beta,East,2,99.3,198.6
2024-06-03,Delta,West,3,138.01,414.03
2024-06-03,Gamma,South,4,133.52,534.08
2024-06-03,Beta,West,4,49.41,197.64
